-- MySQL dump 10.13  Distrib 5.5.41, for debian-linux-gnu (x86_64)
--
-- Host: 127.0.0.1    Database: sunny
-- ------------------------------------------------------
-- Server version	5.5.50

/*!40101 SET @OLD_CHARACTER_SET_CLIENT=@@CHARACTER_SET_CLIENT */;
/*!40101 SET @OLD_CHARACTER_SET_RESULTS=@@CHARACTER_SET_RESULTS */;
/*!40101 SET @OLD_COLLATION_CONNECTION=@@COLLATION_CONNECTION */;
/*!40101 SET NAMES utf8 */;
/*!40103 SET @OLD_TIME_ZONE=@@TIME_ZONE */;
/*!40103 SET TIME_ZONE='+00:00' */;
/*!40014 SET @OLD_UNIQUE_CHECKS=@@UNIQUE_CHECKS, UNIQUE_CHECKS=0 */;
/*!40014 SET @OLD_FOREIGN_KEY_CHECKS=@@FOREIGN_KEY_CHECKS, FOREIGN_KEY_CHECKS=0 */;
/*!40101 SET @OLD_SQL_MODE=@@SQL_MODE, SQL_MODE='NO_AUTO_VALUE_ON_ZERO' */;
/*!40111 SET @OLD_SQL_NOTES=@@SQL_NOTES, SQL_NOTES=0 */;

--
-- Table structure for table `activity_activity`
--

DROP TABLE IF EXISTS `activity_activity`;
/*!40101 SET @saved_cs_client     = @@character_set_client */;
/*!40101 SET character_set_client = utf8 */;
CREATE TABLE `activity_activity` (
  `id` int(11) NOT NULL AUTO_INCREMENT,
  `subject` varchar(500) NOT NULL,
  `tags` varchar(500) NOT NULL,
  `description` longtext NOT NULL,
  `do_time` datetime NOT NULL,
  `owner_id` int(11) DEFAULT NULL,
  `language` varchar(10) NOT NULL,
  PRIMARY KEY (`id`),
  KEY `activity_activity_owner_id_3609ef69a47dfc74_fk_auth_user_id` (`owner_id`),
  CONSTRAINT `activity_activity_owner_id_3609ef69a47dfc74_fk_auth_user_id` FOREIGN KEY (`owner_id`) REFERENCES `auth_user` (`id`)
) ENGINE=InnoDB AUTO_INCREMENT=43 DEFAULT CHARSET=utf8;
/*!40101 SET character_set_client = @saved_cs_client */;

--
-- Dumping data for table `activity_activity`
--

LOCK TABLES `activity_activity` WRITE;
/*!40000 ALTER TABLE `activity_activity` DISABLE KEYS */;
INSERT INTO `activity_activity` VALUES (1,'Hiking at fort 2 fort','hiking','<p>8:00am</p>\r\n\r\n<p>如何可以，喝完咖啡，走完全程18KM</p>\r\n\r\n<p><img alt=\"\" src=\"/static/media/uploads/2015/10/17/fort2fort18-6km.PNG\" style=\"height:515px; width:600px\" /></p>\r\n','2015-10-17 03:00:00',1,'zh-cn'),(2,'Lynn  canyon 2 Grouse Mountain','hiking','<p>&nbsp;</p>\r\n\r\n<p><img alt=\"\" src=\"/static/media/uploads/Richard/2015/11/27/lynn2grousemnt.PNG\" style=\"height:355px; width:700px\" /></p>\r\n','2015-12-27 02:00:00',1,'zh-cn'),(3,'Buntzen Lake','hiking','<p>Difficulty: Easy<br />\r\nTime: 3.5 hours<br />\r\nDistance: 8km (round-trip)<br />\r\nElevation Gain: 110 meters<br />\r\nSeason: year-round</p>\r\n\r\n<p><img alt=\"\" src=\"/static/media/uploads/2015/10/17/buntzenlake.PNG\" style=\"height:396px; width:460px\" /></p>\r\n','2015-11-22 14:00:00',1,'zh-cn'),(4,'Lynn Peak','hiking','<p>Region:&nbsp;<a href=\"http://www.vancouvertrails.com/regions/the-north-shore/\">The North Shore</a><br />\r\nDifficulty: Intermediate<br />\r\nTime: 4 hours<br />\r\nDistance: 9km (round-trip)<br />\r\nElevation Gain: 720 meters<br />\r\nSeason: June - October</p>\r\n','2015-11-01 02:00:00',1,'zh-cn'),(5,'Derby Reach 走“狗屎”运','hiking','<p>周六上午就近hiking</p>\r\n\r\n<p>Derby Reach Regionl Park</p>\r\n\r\n<p>9:30</p>\r\n\r\n<p><img alt=\"\" src=\"/static/media/uploads/2015/10/23/300904082chatroom_1445651188384_79.png\" style=\"height:789px; width:774px\" /></p>\r\n','2015-10-24 02:00:00',1,'zh-cn'),(6,'钓螃蟹去','hiking fishing ','<p>9：00 下笼子</p>\r\n\r\n<p>hiking</p>\r\n\r\n<p><img alt=\"\" src=\"/static/media/uploads/2015/10/25/capture.PNG\" style=\"height:625px; width:612px\" /></p>\r\n\r\n<p>收笼子</p>\r\n\r\n<p>12：00 picnic 煮面？</p>\r\n\r\n<p>收笼子</p>\r\n\r\n<p>hiking</p>\r\n\r\n<p><img alt=\"\" src=\"/static/media/uploads/2015/10/25/capture1.PNG\" style=\"height:657px; width:655px\" /></p>\r\n\r\n<p>&nbsp;</p>\r\n\r\n<p>炉子，气，点火<br />\r\n锅<br />\r\n碗，筷，刀叉，<br />\r\n水桶，笼子，夹子，鸡肉，牛奶桶<br />\r\n方便面<br />\r\n&nbsp;</p>\r\n','2015-10-25 02:00:00',1,'zh-cn'),(7,'  Campbell Valley Regional Park','徒步','<p>Region:&nbsp;<a href=\"http://www.vancouvertrails.com/regions/surrey-and-langley/\">Surrey and Langley</a><br />\r\nDifficulty: Easy<br />\r\nTime: 1.5 hours<br />\r\nDistance: 4km (round-trip)<br />\r\nElevation Gain: minimal<br />\r\nSeason: year-round</p>\r\n\r\n<p>&nbsp;</p>\r\n','2015-11-11 02:00:00',1,'zh-cn'),(8,'Baden Powell Deep Cove to Lynn Canyon','hiking','<p>Region:&nbsp;<a href=\"http://www.vancouvertrails.com/regions/the-north-shore/\">The North Shore</a><br />\r\nDifficulty: Intermediate<br />\r\nTime: 5 hours<br />\r\nDistance: 12km (one-way)<br />\r\nElevation Gain: 420 meters<br />\r\nSeason: year-round<br />\r\nCamping: No<br />\r\nDog Friendly:&nbsp;<a href=\"http://www.vancouvertrails.com/trails/baden-powell-deep-cove-to-lynn-canyon/#dogs\">Yes</a><br />\r\nPublic Transit:&nbsp;<a href=\"http://www.vancouvertrails.com/trails/baden-powell-deep-cove-to-lynn-canyon/#transit\">Yes</a><br />\r\nApprox.&nbsp;<a href=\"http://www.vancouvertrails.com/trails/baden-powell-deep-cove-to-lynn-canyon/#transportation\">30 minutes from Vancouver</a></p>\r\n','2015-11-14 02:00:00',1,'zh-cn'),(9,'2016 户外活动计划 ','计划','<ul>\r\n	<li><strong>Camping</strong> (3/15 开始接受预订，5月份温度比较适合camping) &nbsp;<a href=\"https://secure.camis.com/Discovercamping/\">https://secure.camis.com/Discovercamping/</a>&nbsp; , fee :&nbsp;<a href=\"http://www.env.gov.bc.ca/bcparks/fees/userfees.pdf?v=1455683507852\">http://www.env.gov.bc.ca/bcparks/fees/userfees.pdf?v=1455683507852</a>\r\n	<ul>\r\n		<li><span style=\"color:#B22222\"><strong><a href=\"http://www.sunorth.org/blog/55/\">Alice Lake - 6/25</a> &nbsp;</strong></span><span style=\"color:#2F4F4F\"><strong>&nbsp;</strong></span></li>\r\n		<li><strong><span style=\"color:#B22222\"><a href=\"http://www.sunorth.org/blog/53/\">cultus lake - 5/14 </a>&nbsp;</span> &nbsp;</strong></li>\r\n		<li><a href=\"http://www.sunorth.org/blog/58\"><strong><span style=\"color:#B22222\">sasquatch - 7/16&nbsp;</span></strong></a></li>\r\n		<li><span style=\"color:#8B4513\"><strong>Chilliwack Lake &nbsp;人太多，未能如愿</strong></span></li>\r\n		<li><strong><a href=\"http://www.sunorth.org/blog/63/\"><span style=\"color:#B22222\">EC Manning Park 6/8</span></a></strong></li>\r\n		<li><s>Pacific Rim National Park&nbsp;没定上，明年了</s></li>\r\n	</ul>\r\n	</li>\r\n	<li><strong>Hiking&nbsp;<a href=\"http://www.vancouvertrails.com/trails/\">http://www.vancouvertrails.com/trails/</a></strong>\r\n	<ul>\r\n		<li>Mt Baker&nbsp;</li>\r\n		<li>Elk Mt</li>\r\n		<li><span style=\"color:#800000\"><strong>Lynn Peak</strong></span></li>\r\n		<li><span style=\"color:#B22222\"><strong>EC Manning</strong></span></li>\r\n		<li><span style=\"color:#B22222\"><a href=\"http://www.sunorth.org/blog/55/\">Stawamus Chief</a>&nbsp;</span></li>\r\n		<li>Lindeman Lake</li>\r\n		<li><span style=\"color:#800000\"><strong>HSCT</strong></span>(29KM 可以一天或两天)&nbsp;<a href=\"https://www.google.com/maps/d/u/0/viewer?mid=zVtj7fUYs4t0.kOTIdUthB9IQ\">https://www.google.com/maps/d/u/0/viewer?mid=zVtj7fUYs4t0.kOTIdUthB9IQ</a></li>\r\n	</ul>\r\n	</li>\r\n</ul>\r\n\r\n<p>&nbsp;</p>\r\n\r\n<ul>\r\n	<li><s><strong>Sailing</strong> - &nbsp;improve laser skill- Jericho</s></li>\r\n	<li><span style=\"color:#B22222\"><strong>Rowing</strong> -- double shell &nbsp;- Fort Lanley $125/ 3 months, $400/y</span></li>\r\n</ul>\r\n','2016-12-31 02:00:00',1,'zh-cn'),(10,'DeepCove 2 Lynn Canyon','hiking','<p>10KM</p>\r\n\r\n<p>1. Quarry Rock</p>\r\n\r\n<p>2. Rice Lake</p>\r\n\r\n<p><img alt=\"\" src=\"/static/media/uploads/Richard/2015/11/27/deepcove-lynncanyon_0Rj8AXJ.PNG\" style=\"height:228px; width:700px\" /></p>\r\n','2015-11-28 02:00:00',1,'zh-cn'),(11,'Skiing at Whistler','skiing','<p>两个选择：</p>\r\n\r\n<p>1. 周五（11/12）晚上到，住cabin 两晚，周日回</p>\r\n\r\n<p>2. 周六（12/12）上午到，住lodge 1晚，周日回</p>\r\n\r\n<p>adult lift ticket $99/day</p>\r\n\r\n<p>skis rental : $41.99/day</p>\r\n\r\n<p>&nbsp;</p>\r\n','2015-12-12 02:00:00',1,'zh-cn'),(12,'河边篝火-剩蛋party','户外','<ul>\r\n	<li>篝火烤羊腿？</li>\r\n	<li>划船</li>\r\n	<li>鱼</li>\r\n	<li>鸡翅</li>\r\n	<li>排骨</li>\r\n	<li>羊排</li>\r\n	<li>沙拉</li>\r\n	<li>水果</li>\r\n	<li>棉花糖</li>\r\n	<li>茶/咖啡</li>\r\n	<li>炉子/水壶</li>\r\n	<li>水杯</li>\r\n	<li>沙滩椅</li>\r\n	<li>布</li>\r\n</ul>\r\n\r\n<p><img alt=\"\" src=\"/static/media/uploads/2015/10/16/img_20151010_085845891.jpg\" style=\"height:394px; width:700px\" /></p>\r\n','2015-12-20 02:00:00',1,'zh-cn'),(13,'10KM F2F + 篝火羊汤','篝火','<p>10:00 fort 2 fort （10km round-trip）</p>\r\n\r\n<p>12:00 篝火烤羊腿，羊汤，品茶，展望2016</p>\r\n\r\n<p><img alt=\"\" src=\"/static/media/uploads/Richard/2015/12/21/f2f.PNG\" style=\"height:870px; width:1018px\" /></p>\r\n\r\n<p>&nbsp;</p>\r\n','2016-01-02 02:00:00',1,'zh-cn'),(14,'Whistler for Skiing Again','Skiing','<p>Whistler 的雪真好，上次时间太仓促，没有尽兴，而且由于事故影响了心情，所以节后再抽时间去一次，这一次安全起见做大巴去。</p>\r\n','2016-01-30 02:00:00',1,'zh-cn'),(15,'Coffee break @ Fort 2 Fort','Hiking','<p>10:00 &nbsp;Derby Reach Campground</p>\r\n\r\n<p>Hiking F2F&nbsp;</p>\r\n\r\n<p>10:30 The Fort &nbsp;Pub - &nbsp;Have a coffee &amp; tech discussion</p>\r\n\r\n<p>12:00 Hiking back</p>\r\n\r\n<p>(optional) - &nbsp;make fire &amp; a cup of tea</p>\r\n\r\n<p><img alt=\"\" src=\"/static/media/uploads/Richard/2015/12/21/f2f.PNG\" style=\"height:870px; width:1018px\" /></p>\r\n','2016-01-10 02:00:00',1,'zh-cn'),(16,'Launching  boat ','Sailing','<p>It&#39;s been a few months since last sailing. Not sure if I can rig boat correctly, so it&#39;s good to go sailing to renew my knowledge this Saturday.</p>\r\n\r\n<p>&nbsp;</p>\r\n\r\n<p><strong>Skipper </strong>: John</p>\r\n\r\n<p><strong>Location</strong>: English Bay</p>\r\n\r\n<p><strong>Time</strong>: 12:00pm</p>\r\n\r\n<p><strong>Weather</strong>: Sunny</p>\r\n\r\n<p><img alt=\"\" src=\"/static/media/uploads/Richard/2016/01/08/img_20150503_125844.jpg\" style=\"height:996px; width:747px\" /></p>\r\n','2016-01-09 02:00:00',1,'zh-cn'),(17,'Have a coffee or tea?','hiking f2f','<p>raining day, have a coffee?</p>\r\n','2016-01-16 02:00:00',1,'zh-cn'),(18,'篝火羊腿','篝火','<ul>\r\n	<li>篝火/firestarter</li>\r\n	<li>喝茶/炉子/茶壶/茶杯/壶</li>\r\n	<li>烤肉 - 羊腿/架子/铁丝/钳子</li>\r\n	<li>羊汤/dutch oven/调料</li>\r\n	<li>烤鱼</li>\r\n	<li>棉花糖/签子</li>\r\n	<li>地瓜</li>\r\n</ul>\r\n\r\n<p>&nbsp;</p>\r\n\r\n<ul>\r\n	<li>碗/大小勺自备</li>\r\n	<li>碳/木头/斧头</li>\r\n	<li>椅子</li>\r\n	<li>锡纸</li>\r\n	<li>纸巾</li>\r\n	<li>刀</li>\r\n	<li>电钻/胶带/布</li>\r\n	<li>桶水</li>\r\n	<li>&nbsp;</li>\r\n</ul>\r\n\r\n<p><a href=\"http://www.sunorth.org/static/media/gallery/2016/01/20/380036484493628989.jpg\" rel=\"gallery1\" title=\"自行研发羊腿烤架\"><img src=\"http://www.sunorth.org/static/media/cache/78/80/7880fb5d44bd1e5f18e7f6feab27a19e.jpg\" style=\"height:230px; width:300px\" /></a></p>\r\n','2016-01-23 02:00:00',1,'zh-cn'),(19,'Rowing training','rowing','<p>starting series course of rowing</p>\r\n\r\n<p>9:30</p>\r\n','2016-02-20 02:00:00',1,'zh-cn'),(20,'Belcarra 海鲜主题','hiking','<p>地点：&nbsp;<a href=\"https://www.google.ca/maps/place/Belcarra+Picnic+Area/@49.311761,-122.9255601,17.71z/data=!4m2!3m1!1s0x0000000000000000:0xd63531723085e05f?hl=en\">Belcarra&nbsp;</a></p>\r\n\r\n<p>时间： 10：00 ～ 5：00</p>\r\n\r\n<p>活动：</p>\r\n\r\n<ul>\r\n	<li>钓螃蟹</li>\r\n	<li>烧烤\r\n	<ul>\r\n		<li>猪排 - Jack</li>\r\n		<li>鱼 -Richard</li>\r\n		<li>羊肉串 - Randy</li>\r\n		<li>虾 - Jack Q</li>\r\n		<li>地瓜 - Randy</li>\r\n		<li>牛肉片和鱿鱼 - Martin</li>\r\n		<li>鸡肉串 - Richard</li>\r\n	</ul>\r\n	</li>\r\n	<li>点心/面 - Martin</li>\r\n	<li>蔬菜沙拉 - Richard</li>\r\n	<li>水果拼盘 - Jack/Randy</li>\r\n	<li>茶 - Jack</li>\r\n	<li>其他：\r\n	<ul>\r\n		<li>柴/碳</li>\r\n		<li>炉子/锅</li>\r\n		<li>斧头</li>\r\n		<li>手台</li>\r\n	</ul>\r\n	</li>\r\n	<li>hiking 上次没走完的另一半，继续</li>\r\n	<li><img alt=\"\" src=\"/static/media/uploads/2015/10/25/capture1.PNG\" style=\"height:657px; width:655px\" /></li>\r\n</ul>\r\n','2016-02-27 03:00:00',1,'zh-cn'),(21,'Hiking@GBR trail','hiking','<p><img alt=\"\" src=\"/static/media/uploads/Richard/2016/02/28/maple.PNG\" style=\"height:845px; width:1321px\" /></p>\r\n','2016-10-15 03:00:00',1,'zh-cn'),(22,'Camping @ Alice Lake','camping','<p>ituated off Highway 99, approximately 13 km north of Squamish, 71 km north of Lions Gate Bridge in North Vancouver.</p>\r\n\r\n<p>Day1, Camping</p>\r\n\r\n<p>Day2: Hiking @&nbsp;The Stawamus Chief&nbsp;<a href=\"https://www.vancouvertrails.com/trails/stawamus-chief/\">https://www.vancouvertrails.com/trails/stawamus-chief/</a></p>\r\n\r\n<p>装备参考：<a href=\"http://www.sunorth.org/blog/9/\">http://www.sunorth.org/blog/9/</a></p>\r\n\r\n<p>提醒物品清单：</p>\r\n\r\n<ul>\r\n	<li>防潮垫/睡袋/帐篷</li>\r\n	<li>碗筷/杯子</li>\r\n	<li>头灯</li>\r\n	<li>保暖衣服（棉袄，帽子）</li>\r\n	<li>椅子</li>\r\n	<li>气罐/炉子/锅</li>\r\n	<li>空牛奶桶（打水用）</li>\r\n</ul>\r\n\r\n<p>食物：</p>\r\n\r\n<p>【25】晚餐</p>\r\n\r\n<ul>\r\n	<li>鸡翅</li>\r\n	<li>牛肉</li>\r\n	<li>蔬菜沙拉</li>\r\n</ul>\r\n\r\n<p>【26】早餐</p>\r\n\r\n<ul>\r\n	<li>小馒头</li>\r\n	<li>苗条</li>\r\n</ul>\r\n\r\n<p>&nbsp;</p>\r\n\r\n<p><img alt=\"Location Map\" src=\"https://secure.camis.com/DiscoverCamping/images/maps/AL.Overview.png\" /><img alt=\"Alice Lake, Site: 86, Image:4\" src=\"https://secure.camis.com/DiscoverCamping/Images/Sites/AL_86_4.jpg\" /></p>\r\n','2016-06-25 03:00:00',1,'zh-cn'),(23,'Camping @ Cultus Lake','camping','<p>The first camping in 2016! &nbsp;装备参考：<a href=\"http://www.sunorth.org/blog/9/\">http://www.sunorth.org/blog/9/</a></p>\r\n\r\n<p>提醒物品清单：</p>\r\n\r\n<ul>\r\n	<li>防潮垫/睡袋/帐篷</li>\r\n	<li>碗筷/杯子</li>\r\n	<li>头灯</li>\r\n	<li>保暖衣服（棉袄，帽子）</li>\r\n	<li>椅子</li>\r\n	<li>气罐/炉子/锅</li>\r\n	<li>空牛奶桶（打水用）</li>\r\n	<li>&nbsp;</li>\r\n</ul>\r\n\r\n<p>计划：</p>\r\n\r\n<ul>\r\n	<li>hiking</li>\r\n	<li>Breakfast\r\n	<ul>\r\n		<li>egg</li>\r\n		<li>noodle</li>\r\n	</ul>\r\n	</li>\r\n	<li>BBQ\r\n	<ul>\r\n		<li>鸡翅</li>\r\n		<li>鱼</li>\r\n		<li>虾</li>\r\n		<li>猪排</li>\r\n		<li>牛排</li>\r\n		<li>蘑菇</li>\r\n		<li>地瓜</li>\r\n		<li>鱿鱼</li>\r\n		<li>汤</li>\r\n	</ul>\r\n	</li>\r\n	<li>Rowing</li>\r\n	<li>else? suggestion?</li>\r\n</ul>\r\n\r\n<p>营地照片</p>\r\n\r\n<p><img alt=\"Cultus Lake, Site: D1, Image:1\" src=\"https://secure.camis.com/DiscoverCamping/Images/Sites/CU_D1_1.jpg\" /></p>\r\n\r\n<p><img alt=\"Cultus Lake, Site: D2, Image:1\" src=\"https://secure.camis.com/DiscoverCamping/Images/Sites/CU_D2_1.jpg\" /></p>\r\n','2016-05-14 03:00:00',1,'zh-cn'),(24,'Hiking@Green Timers Park','hiking','<p>2:30pm</p>\r\n\r\n<p><a href=\"https://www.google.ca/maps/place/Green+Timbers+Parking/@49.1840935,-122.8196566,18z/data=!4m2!3m1!1s0x0000000000000000:0x344570a41eddbc74?hl=en\">https://www.google.ca/maps/place/Green+Timbers+Parking/@49.1840935,-122.8196566,18z/data=!4m2!3m1!1s0x0000000000000000:0x344570a41eddbc74?hl=en</a></p>\r\n','2016-04-09 03:00:00',1,'zh-cn'),(25,'Hiking @ Golden Ears','Hiking','<p>线路：</p>\r\n\r\n<p><img alt=\"\" src=\"/static/media/uploads/Richard/2016/04/24/capture.PNG\" style=\"height:880px; width:1329px\" /></p>\r\n','2016-04-24 03:00:00',1,'zh-cn'),(26,'Hiking?','hiking','<p>这个周末好天气</p>\r\n\r\n<p>暂定 周六下午</p>\r\n\r\n<p>河边</p>\r\n\r\n<p><a href=\"https://www.google.ca/maps/dir/49.1065548,-122.3709377/49.1080859,-122.337335/49.121626,-122.3018147/@49.1195613,-122.3674493,12.75z/data=!4m2!4m1!3e2?hl=en\">https://www.google.ca/maps/dir/49.1065548,-122.3709377/49.1080859,-122.337335/49.121626,-122.3018147/@49.1195613,-122.3674493,12.75z/data=!4m2!4m1!3e2?hl=en</a></p>\r\n','2016-04-30 03:00:00',1,'zh-cn'),(27,'Hiking @ Elk Mountain','hiking','<p><img alt=\"Elk Mountain\" src=\"https://www.vancouvertrails.com/images/hikes/elk-mountain@2x.jpg\" /></p>\r\n\r\n<p>map:&nbsp;<a href=\"https://www.google.ca/maps/dir/49.1049605,-121.8206023/Elk+Mountain,+Chilliwack,+BC/@49.1088744,-121.8194435,15.51z/data=!4m9!4m8!1m0!1m5!1m1!1s0x548441fe5130ab51:0x69e68acfa2b477f!2m2!1d-121.8033333!2d49.1133333!3e2?hl=en\">https://www.google.ca/maps/dir/49.1049605,-121.8206023/Elk+Mountain,+Chilliwack,+BC/@49.1088744,-121.8194435,15.51z/data=!4m9!4m8!1m0!1m5!1m1!1s0x548441fe5130ab51:0x69e68acfa2b477f!2m2!1d-121.8033333!2d49.1133333!3e2?hl=en</a></p>\r\n\r\n<p>&nbsp;</p>\r\n\r\n<p>&nbsp;</p>\r\n','2016-09-24 03:00:00',1,'zh-cn'),(28,'Hiking @ Evan\'s peak trail','hiking','<p>继续上次未曾完成的线路</p>\r\n\r\n<p><a href=\"https://www.google.ca/maps/dir/49.3272286,-122.4630031/49.3388996,-122.4773766/@49.3307188,-122.4787605,15z/data=!4m2!4m1!3e2?hl=en\">https://www.google.ca/maps/dir/49.3272286,-122.4630031/49.3388996,-122.4773766/@49.3307188,-122.4787605,15z/data=!4m2!4m1!3e2?hl=en</a></p>\r\n','2016-05-21 03:00:00',1,'zh-cn'),(29,'Manning Park 看山花','camping','<p>去年没看到花开，希望今年能如愿</p>\r\n\r\n<p>D1. checkin &nbsp;(hiking @ heather trail)</p>\r\n\r\n<p>D2. checkout &nbsp;lake tour</p>\r\n\r\n<h2><a href=\"http://www.env.gov.bc.ca/bcparks/explore/parkpgs/ecmanning/heather.html\">Heather Trail&nbsp;</a></h2>\r\n\r\n<p>Distance: 19 km (return)<br />\r\nTime: 7.5 hours<br />\r\nLow point: 1793 m<br />\r\nHigh point: 2272 m<br />\r\nElevation gain: 479 m<br />\r\nCumulative Elevation gain: 930 m<br />\r\nCalories burned: 5000</p>\r\n\r\n<p>Trailhead: 49&deg; 6&rsquo; 12&rdquo; by &nbsp;120&deg; 45&rsquo; 32&rdquo; (<a href=\"https://goo.gl/maps/6VhjT\" target=\"_blank\" title=\"Trailhead\">Google Map</a>)<br />\r\nLocation to turn off Hwy 3: 49&deg; 3&rsquo; 47&rdquo; by &nbsp;120&deg; 46&rsquo; 57.5&rdquo; (<a href=\"https://goo.gl/maps/AQrV8\" target=\"_blank\" title=\"Trailhead\">Google Map</a>)</p>\r\n\r\n<p><img alt=\"IMG_7963\" src=\"http://www.buntzenlake.ca/wp-content/uploads/2015/08/IMG_7963.jpg\" /></p>\r\n\r\n<p><img alt=\"IMG_8021\" src=\"http://www.buntzenlake.ca/wp-content/uploads/2015/08/IMG_8021.jpg\" /></p>\r\n\r\n<p><img alt=\"IMG_8103\" src=\"http://www.buntzenlake.ca/wp-content/uploads/2015/08/IMG_8103.jpg\" /></p>\r\n','2016-08-06 03:00:00',1,'zh-cn'),(30,'Camping @ Sasquatch','camping','<p>去年去hiking 发现不错的地方camping</p>\r\n\r\n<p>旁边的deer lake 可以顺道去看看</p>\r\n\r\n<p>营地看运气了,先到先得,需要早点去</p>\r\n\r\n<p>D1: &nbsp;</p>\r\n\r\n<ul>\r\n	<li>Checkin campsite : Deer lake or Hicks lake</li>\r\n	<li>hiking @ deer lake</li>\r\n	<li>fire talk</li>\r\n</ul>\r\n\r\n<p>D2:&nbsp;</p>\r\n\r\n<ul>\r\n	<li>Breakfast</li>\r\n	<li>Checkout</li>\r\n	<li>Harrison water park</li>\r\n</ul>\r\n\r\n<p>&nbsp;</p>\r\n','2016-07-16 03:00:00',1,'zh-cn'),(31,'Hiking @ Norvan Falls','hiking','<p><a href=\"https://www.vancouvertrails.com/trails/norvan-falls/\">https://www.vancouvertrails.com/trails/norvan-falls/</a></p>\r\n','2016-07-01 03:00:00',1,'zh-cn'),(32,'Hiking to Bowen Lookout','hiking sypress','<p>warm up for HSCT</p>\r\n\r\n<p>single trip 2.3km</p>\r\n\r\n<p><a href=\"https://www.google.ca/maps/dir/Cypress+Mountain/Bowen+Lookout/@49.4027125,-123.2162764,15z/data=!4m14!4m13!1m5!1m1!1s0x0:0x821712a6c6d32ff3!2m2!1d-123.204545!2d49.396018!1m5!1m1!1s0x0:0xe6f583c4bda9b5d4!2m2!1d-123.2137889!2d49.4065105!3e2?hl=en\">https://www.google.ca/maps/dir/Cypress+Mountain/Bowen+Lookout/@49.4027125,-123.2162764,15z/data=!4m14!4m13!1m5!1m1!1s0x0:0x821712a6c6d32ff3!2m2!1d-123.204545!2d49.396018!1m5!1m1!1s0x0:0xe6f583c4bda9b5d4!2m2!1d-123.2137889!2d49.4065105!3e2?hl=en</a></p>\r\n','2016-07-30 03:00:00',1,'zh-cn'),(33,'Go sailing @ English Bay','sailing','<p>12:00pm</p>\r\n\r\n<ul>\r\n	<li>John</li>\r\n	<li>Carl</li>\r\n	<li>Richard</li>\r\n</ul>\r\n','2016-07-10 03:00:00',1,'zh-cn'),(34,'Camping @ Chilliwack Lake','camping','<p>不是在hiking</p>\r\n\r\n<p>就是在camping</p>\r\n\r\n<p>D1. checkin campsite and relax</p>\r\n\r\n<p>D2: hiking to Lindeman Lake</p>\r\n\r\n<p>D3: checkout&nbsp;</p>\r\n','2016-07-30 03:00:00',1,'zh-cn'),(35,'BBQ party @ Belcarra ','bbq','<p>A baby &nbsp;- 100 days!</p>\r\n\r\n<p>Location : Belcarra Picnic Area</p>\r\n\r\n<p>Checklist:</p>\r\n\r\n<ul>\r\n	<li>Stove</li>\r\n	<li>Boat</li>\r\n	<li>Crab trap</li>\r\n	<li>餐巾纸</li>\r\n	<li>纸盘</li>\r\n	<li>刀叉</li>\r\n</ul>\r\n\r\n<p>Food list: BBQ</p>\r\n\r\n<ul>\r\n	<li>Richard - 鸡翅,花生,毛豆,蘑菇</li>\r\n	<li>水果：西瓜，蓝莓，苹果，葡萄</li>\r\n	<li>Jack Qi - 虾，意大利香肠，牛肉，蛋糕，西瓜</li>\r\n</ul>\r\n','2016-07-24 03:00:00',1,'zh-cn'),(36,'Hiking @ Lynn Peak','hiking','<p><a href=\"https://www.vancouvertrails.com/trails/lynn-peak/\">https://www.vancouvertrails.com/trails/lynn-peak/</a></p>\r\n\r\n<ul>\r\n	<li>DifficultyIntermediate</li>\r\n	<li>Time4 hours</li>\r\n	<li>Round-Trip9km</li>\r\n	<li>Elevation Gain720 meters</li>\r\n</ul>\r\n','2016-07-23 03:00:00',1,'zh-cn'),(37,'Hiking @ HSCT','hiking','<p>既然不能camping了，明天没有安排就去hiking了，今年主要的计划去HSCT总是未能成行，明天计划走一段，看一看情况，最好能上到一个sumit。</p>\r\n','2016-07-31 03:00:00',1,'zh-cn'),(38,'那座山 Mt Baker','hiking','<p>每天抬头看见那座山</p>\r\n\r\n<p>只想近距离看一看</p>\r\n','2016-10-22 02:00:00',1,'zh-cn'),(39,'Nanaimo 赶海','fishiing','<p>都说Nanaimo 的螃蟹更容易抓，海蛎子更多，还可以调到更大的鱼。。。。</p>\r\n\r\n<p>计划一个</p>\r\n','2016-10-08 03:00:00',1,'zh-cn'),(40,'hiking@MOUNT SEYMOUR','hiking','<p>https://www.vancouvertrails.com/trails/mount-seymour/</p>\r\n\r\n<p>1PM</p>\r\n\r\n<p>Parking lot of seymour mountain</p>\r\n','2016-10-01 03:00:00',1,'zh-cn'),(41,'Rowing on weekday','rowing','<p>It&#39;s been taken rest for a while, so need to go on water again. Go rowing tomorrow morning with Jim. Hope there is no big rain.<img alt=\"laugh\" src=\"https://www.sunorth.org/static/ckeditor/ckeditor/plugins/smiley/images/teeth_smile.png\" style=\"height:23px; width:23px\" title=\"laugh\" /></p>\r\n\r\n<p>9:00am</p>\r\n','2016-10-18 02:00:00',1,'zh-cn'),(42,'钓螃蟹 Again?','crabbing','<p>据说对面螃蟹多，really？</p>\r\n\r\n<p>give a try tomorrow.</p>\r\n','2016-10-22 02:00:00',1,'zh-cn');
/*!40000 ALTER TABLE `activity_activity` ENABLE KEYS */;
UNLOCK TABLES;

--
-- Table structure for table `activity_comment`
--

DROP TABLE IF EXISTS `activity_comment`;
/*!40101 SET @saved_cs_client     = @@character_set_client */;
/*!40101 SET character_set_client = utf8 */;
CREATE TABLE `activity_comment` (
  `id` int(11) NOT NULL AUTO_INCREMENT,
  `comment` longtext NOT NULL,
  `create_time` datetime NOT NULL,
  `activity_id` int(11) NOT NULL,
  `owner_id` int(11) NOT NULL,
  PRIMARY KEY (`id`),
  KEY `activity_co_activity_id_69b633bbc2052c36_fk_activity_activity_id` (`activity_id`),
  KEY `activity_comment_owner_id_33c1eb27833507b7_fk_auth_user_id` (`owner_id`),
  CONSTRAINT `activity_comment_owner_id_33c1eb27833507b7_fk_auth_user_id` FOREIGN KEY (`owner_id`) REFERENCES `auth_user` (`id`),
  CONSTRAINT `activity_co_activity_id_69b633bbc2052c36_fk_activity_activity_id` FOREIGN KEY (`activity_id`) REFERENCES `activity_activity` (`id`)
) ENGINE=InnoDB AUTO_INCREMENT=12 DEFAULT CHARSET=utf8;
/*!40101 SET character_set_client = @saved_cs_client */;

--
-- Dumping data for table `activity_comment`
--

LOCK TABLES `activity_comment` WRITE;
/*!40000 ALTER TABLE `activity_comment` DISABLE KEYS */;
INSERT INTO `activity_comment` VALUES (1,'走完了全程18KM\r\n','2015-10-18 00:38:47',1,1),(2,'12KM 3hour Good','2015-11-29 04:50:13',10,1),(3,'http://www.sunorth.org/blog/46/','2016-01-04 18:40:02',13,1),(4,'Kentucky Alleyne Provincial Park ','2016-01-28 21:51:04',9,5),(5,'Camping 基本装备：帐篷/睡袋/防潮垫/地席 ， 头灯或手电筒， first-aids， 更多参考：  http://www.sunorth.org/blog/9/','2016-01-28 22:26:26',9,1),(6,'Good trail and good view. It\'s a little difficult at the first part.','2016-07-28 22:08:40',36,1),(7,'Have a really good day.  Just lots of people there. Have a good BBQ','2016-07-28 22:09:39',35,1),(8,'Very lucky!  No campsite when arrived, but find a secret place for camping, and it\'s really good. Different experience.','2016-07-28 22:11:08',30,1),(9,'没找到营地，太火了，只好在沿途河边玩了一天','2016-08-05 21:06:59',34,1),(10,'试探走了一段HSCT，经过这里，很短','2016-08-05 21:07:36',32,1),(11,'试探走了一段，到了一个不知名的viewpoint，很美，看到整个horseshoe bay， bowen island, lion bay, howe sound','2016-08-05 21:09:09',37,1);
/*!40000 ALTER TABLE `activity_comment` ENABLE KEYS */;
UNLOCK TABLES;

--
-- Table structure for table `auth_group`
--

DROP TABLE IF EXISTS `auth_group`;
/*!40101 SET @saved_cs_client     = @@character_set_client */;
/*!40101 SET character_set_client = utf8 */;
CREATE TABLE `auth_group` (
  `id` int(11) NOT NULL AUTO_INCREMENT,
  `name` varchar(80) NOT NULL,
  PRIMARY KEY (`id`),
  UNIQUE KEY `name` (`name`)
) ENGINE=InnoDB AUTO_INCREMENT=2 DEFAULT CHARSET=utf8;
/*!40101 SET character_set_client = @saved_cs_client */;

--
-- Dumping data for table `auth_group`
--

LOCK TABLES `auth_group` WRITE;
/*!40000 ALTER TABLE `auth_group` DISABLE KEYS */;
INSERT INTO `auth_group` VALUES (1,'sunorth');
/*!40000 ALTER TABLE `auth_group` ENABLE KEYS */;
UNLOCK TABLES;

--
-- Table structure for table `auth_group_permissions`
--

DROP TABLE IF EXISTS `auth_group_permissions`;
/*!40101 SET @saved_cs_client     = @@character_set_client */;
/*!40101 SET character_set_client = utf8 */;
CREATE TABLE `auth_group_permissions` (
  `id` int(11) NOT NULL AUTO_INCREMENT,
  `group_id` int(11) NOT NULL,
  `permission_id` int(11) NOT NULL,
  PRIMARY KEY (`id`),
  UNIQUE KEY `group_id` (`group_id`,`permission_id`),
  KEY `auth_group__permission_id_2d56486487f948e2_fk_auth_permission_id` (`permission_id`),
  CONSTRAINT `auth_group_permissions_group_id_7cae991d9f18079_fk_auth_group_id` FOREIGN KEY (`group_id`) REFERENCES `auth_group` (`id`),
  CONSTRAINT `auth_group__permission_id_2d56486487f948e2_fk_auth_permission_id` FOREIGN KEY (`permission_id`) REFERENCES `auth_permission` (`id`)
) ENGINE=InnoDB AUTO_INCREMENT=13 DEFAULT CHARSET=utf8;
/*!40101 SET character_set_client = @saved_cs_client */;

--
-- Dumping data for table `auth_group_permissions`
--

LOCK TABLES `auth_group_permissions` WRITE;
/*!40000 ALTER TABLE `auth_group_permissions` DISABLE KEYS */;
INSERT INTO `auth_group_permissions` VALUES (9,1,28),(10,1,29),(11,1,30),(12,1,31),(1,1,32),(2,1,33),(3,1,40),(4,1,41),(5,1,42),(6,1,43),(7,1,44),(8,1,45);
/*!40000 ALTER TABLE `auth_group_permissions` ENABLE KEYS */;
UNLOCK TABLES;

--
-- Table structure for table `auth_permission`
--

DROP TABLE IF EXISTS `auth_permission`;
/*!40101 SET @saved_cs_client     = @@character_set_client */;
/*!40101 SET character_set_client = utf8 */;
CREATE TABLE `auth_permission` (
  `id` int(11) NOT NULL AUTO_INCREMENT,
  `name` varchar(255) NOT NULL,
  `content_type_id` int(11) NOT NULL,
  `codename` varchar(100) NOT NULL,
  PRIMARY KEY (`id`),
  UNIQUE KEY `content_type_id` (`content_type_id`,`codename`),
  CONSTRAINT `auth__content_type_id_77ae8a95d8a84bdf_fk_django_content_type_id` FOREIGN KEY (`content_type_id`) REFERENCES `django_content_type` (`id`)
) ENGINE=InnoDB AUTO_INCREMENT=55 DEFAULT CHARSET=utf8;
/*!40101 SET character_set_client = @saved_cs_client */;

--
-- Dumping data for table `auth_permission`
--

LOCK TABLES `auth_permission` WRITE;
/*!40000 ALTER TABLE `auth_permission` DISABLE KEYS */;
INSERT INTO `auth_permission` VALUES (1,'Can add log entry',1,'add_logentry'),(2,'Can change log entry',1,'change_logentry'),(3,'Can delete log entry',1,'delete_logentry'),(4,'Can add permission',2,'add_permission'),(5,'Can change permission',2,'change_permission'),(6,'Can delete permission',2,'delete_permission'),(7,'Can add group',3,'add_group'),(8,'Can change group',3,'change_group'),(9,'Can delete group',3,'delete_group'),(10,'Can add user',4,'add_user'),(11,'Can change user',4,'change_user'),(12,'Can delete user',4,'delete_user'),(13,'Can add site',5,'add_site'),(14,'Can change site',5,'change_site'),(15,'Can delete site',5,'delete_site'),(16,'Can add content type',6,'add_contenttype'),(17,'Can change content type',6,'change_contenttype'),(18,'Can delete content type',6,'delete_contenttype'),(19,'Can add session',7,'add_session'),(20,'Can change session',7,'change_session'),(21,'Can delete session',7,'delete_session'),(22,'Can add registration profile',8,'add_registrationprofile'),(23,'Can change registration profile',8,'change_registrationprofile'),(24,'Can delete registration profile',8,'delete_registrationprofile'),(25,'Can add event',9,'add_event'),(26,'Can change event',9,'change_event'),(27,'Can delete event',9,'delete_event'),(28,'Can add blog',10,'add_blog'),(29,'Can change blog',10,'change_blog'),(30,'Can delete blog',10,'delete_blog'),(31,'Can add comment',11,'add_comment'),(32,'Can change comment',11,'change_comment'),(33,'Can delete comment',11,'delete_comment'),(34,'Can add user profile',12,'add_userprofile'),(35,'Can change user profile',12,'change_userprofile'),(36,'Can delete user profile',12,'delete_userprofile'),(37,'Can add comment',13,'add_comment'),(38,'Can change comment',13,'change_comment'),(39,'Can delete comment',13,'delete_comment'),(40,'Can add activity',14,'add_activity'),(41,'Can change activity',14,'change_activity'),(42,'Can delete activity',14,'delete_activity'),(43,'Can add comment',15,'add_comment'),(44,'Can change comment',15,'change_comment'),(45,'Can delete comment',15,'delete_comment'),(46,'Can add avatar',16,'add_avatar'),(47,'Can change avatar',16,'change_avatar'),(48,'Can delete avatar',16,'delete_avatar'),(49,'Can add gallery',17,'add_gallery'),(50,'Can change gallery',17,'change_gallery'),(51,'Can delete gallery',17,'delete_gallery'),(52,'Can add kv store',18,'add_kvstore'),(53,'Can change kv store',18,'change_kvstore'),(54,'Can delete kv store',18,'delete_kvstore');
/*!40000 ALTER TABLE `auth_permission` ENABLE KEYS */;
UNLOCK TABLES;

--
-- Table structure for table `auth_user`
--

DROP TABLE IF EXISTS `auth_user`;
/*!40101 SET @saved_cs_client     = @@character_set_client */;
/*!40101 SET character_set_client = utf8 */;
CREATE TABLE `auth_user` (
  `id` int(11) NOT NULL AUTO_INCREMENT,
  `password` varchar(128) NOT NULL,
  `last_login` datetime DEFAULT NULL,
  `is_superuser` tinyint(1) NOT NULL,
  `username` varchar(30) NOT NULL,
  `first_name` varchar(30) NOT NULL,
  `last_name` varchar(30) NOT NULL,
  `email` varchar(254) NOT NULL,
  `is_staff` tinyint(1) NOT NULL,
  `is_active` tinyint(1) NOT NULL,
  `date_joined` datetime NOT NULL,
  PRIMARY KEY (`id`),
  UNIQUE KEY `username` (`username`)
) ENGINE=InnoDB AUTO_INCREMENT=17 DEFAULT CHARSET=utf8;
/*!40101 SET character_set_client = @saved_cs_client */;

--
-- Dumping data for table `auth_user`
--

LOCK TABLES `auth_user` WRITE;
/*!40000 ALTER TABLE `auth_user` DISABLE KEYS */;
INSERT INTO `auth_user` VALUES (1,'pbkdf2_sha256$20000$wgbatOUchz7i$iLnHpr/yqPC9Fnaz9ac1EjbkbPWrc98zynkHLOMiDQ8=','2016-10-11 15:57:55',1,'Richard','Richard','Sun','sun@bluepage.me',1,1,'2015-09-24 00:03:58'),(2,'pbkdf2_sha256$20000$k2fbeHNVArk4$LYyanx/JiXmxu3rhEsPRaeBNUoZWopZ03Lyx9Q4YdZA=','2015-11-02 18:23:41',0,'Sun','Feng','Sun','orcnsun@gmail.com',0,1,'2015-10-08 17:14:13'),(3,'pbkdf2_sha256$20000$9hbi941daBBN$j8WMu7SNRGVT5u3hUbp3ihiqouZkLuvF6rqmz2WsqhQ=','2015-10-28 20:00:04',0,'Simon','Simon','Zhang','simon_toronto@hotmail.com',0,1,'2015-10-11 16:02:48'),(4,'pbkdf2_sha256$20000$KaHlH19dgRqe$MolOMYn2i/hrUp90ZXk3PvFLSyGs6tbiJXcG+52muZc=','2015-10-26 01:53:30',0,'Andrewnivy','','','Andrewnivy@mngr8.xzzy.info',0,1,'2015-10-26 01:51:00'),(5,'pbkdf2_sha256$20000$BW3JQYsJBNnT$dzrnqsj23RN45p9/GkrXjHo8DotZLUEWmiNg96hIDRg=','2016-01-28 21:49:10',0,'liqunfeng2003@gmail.com','Jack','Li','liqunfeng2003@gmail.com',0,1,'2015-11-02 05:56:43'),(7,'pbkdf2_sha256$20000$6Q3H2mpucI8p$FGckIJPPYnk1miAH5Zv/AHp83OPjB6Y2UxgMjxwqjOQ=','2015-11-12 20:12:15',0,'MartinXu','Martin','Xu','martin.xu.nl@gmail.com',0,1,'2015-11-02 06:05:05'),(8,'pbkdf2_sha256$20000$oyXxKwiRmREW$aVWNZ6xAwGp9VP+APheWf9CnCHvt3VAby6cm4rt6PqY=','2015-11-05 17:16:31',0,'Steplobia','','','mailinfo@newmedicforum.com',0,1,'2015-11-05 17:14:02'),(9,'pbkdf2_sha256$20000$0BJZa5JLOcGt$YVWx5zO0Z7ug6KPhTvA+cvikETMU8QoO/GUXZWVSFjU=',NULL,0,'Michaeltale','','','Michaeltale@m3.hostforu.ru',0,0,'2015-11-06 21:31:49'),(10,'pbkdf2_sha256$20000$F7KNrQO5dhq5$18B181TZK7FGJeMUo2D7EAUmLi1kqf/oGr4YxCtA0iQ=','2015-11-16 03:44:13',0,'effonnakeyday','','','La.u.r.en.ce.Ra.mi.re.z.2.16.a.1@gmail.com',0,1,'2015-11-16 03:39:19'),(11,'pbkdf2_sha256$20000$89uoPB50PBu5$DjnOlspBF2+Dn6SOtNDhZDLN4dk4KByJvpVhz9N6o2s=',NULL,0,'hhairhuman','','','khgbangqstj@live.com',0,0,'2015-11-18 08:09:00'),(12,'pbkdf2_sha256$20000$2A8PBzmjRMh2$+nQIv69VLqdRM7RuCcrng3c2yTR/Injcu0Gvq63yuTY=',NULL,0,'micksmyewpc','','','xivpm7587453@gmail.com',0,0,'2015-11-21 06:06:51'),(13,'pbkdf2_sha256$20000$ki5baLukWl88$RELBYhS8PmyRchES0MRW4NVffYbVNmvV2gG+Im+ffjs=','2015-12-05 13:50:18',0,'Adalinrug','','','shaecaveneyvpbu@hotmail.com',0,1,'2015-12-05 13:49:14'),(14,'pbkdf2_sha256$20000$CKMo0zqxre2B$AFAtAYRNixa+sI4qVkPestt0n4FXoB5bFchuNodE3g0=','2016-03-12 15:19:11',0,'Aliciaol','','','helen.moz@yandex.com',0,1,'2016-03-10 12:43:47'),(15,'pbkdf2_sha256$20000$ViIRlPgyJfR0$OIaf7nGyKa/X9bY+FsGJecv9aBn8835ucJrH2WPk7AE=',NULL,0,'VictorHida','','','avemdetoate@mail.md',0,0,'2016-05-20 09:17:23'),(16,'pbkdf2_sha256$20000$zCQ7THLsI4IG$r/nfoapG4Kh9MA1u16g8/2Fs7bgjN4fuQ0xZhGLrrds=',NULL,0,'Blaineor','','','user@saint-philip.com',0,0,'2016-06-21 19:22:15');
/*!40000 ALTER TABLE `auth_user` ENABLE KEYS */;
UNLOCK TABLES;

--
-- Table structure for table `auth_user_groups`
--

DROP TABLE IF EXISTS `auth_user_groups`;
/*!40101 SET @saved_cs_client     = @@character_set_client */;
/*!40101 SET character_set_client = utf8 */;
CREATE TABLE `auth_user_groups` (
  `id` int(11) NOT NULL AUTO_INCREMENT,
  `user_id` int(11) NOT NULL,
  `group_id` int(11) NOT NULL,
  PRIMARY KEY (`id`),
  UNIQUE KEY `user_id` (`user_id`,`group_id`),
  KEY `auth_user_groups_group_id_4577dcea2f23a153_fk_auth_group_id` (`group_id`),
  CONSTRAINT `auth_user_groups_group_id_4577dcea2f23a153_fk_auth_group_id` FOREIGN KEY (`group_id`) REFERENCES `auth_group` (`id`),
  CONSTRAINT `auth_user_groups_user_id_461f63090dc70b72_fk_auth_user_id` FOREIGN KEY (`user_id`) REFERENCES `auth_user` (`id`)
) ENGINE=InnoDB DEFAULT CHARSET=utf8;
/*!40101 SET character_set_client = @saved_cs_client */;

--
-- Dumping data for table `auth_user_groups`
--

LOCK TABLES `auth_user_groups` WRITE;
/*!40000 ALTER TABLE `auth_user_groups` DISABLE KEYS */;
/*!40000 ALTER TABLE `auth_user_groups` ENABLE KEYS */;
UNLOCK TABLES;

--
-- Table structure for table `auth_user_user_permissions`
--

DROP TABLE IF EXISTS `auth_user_user_permissions`;
/*!40101 SET @saved_cs_client     = @@character_set_client */;
/*!40101 SET character_set_client = utf8 */;
CREATE TABLE `auth_user_user_permissions` (
  `id` int(11) NOT NULL AUTO_INCREMENT,
  `user_id` int(11) NOT NULL,
  `permission_id` int(11) NOT NULL,
  PRIMARY KEY (`id`),
  UNIQUE KEY `user_id` (`user_id`,`permission_id`),
  KEY `auth_user_u_permission_id_227ea2824f8f5722_fk_auth_permission_id` (`permission_id`),
  CONSTRAINT `auth_user_user_permissio_user_id_c13a46e530ea1cc_fk_auth_user_id` FOREIGN KEY (`user_id`) REFERENCES `auth_user` (`id`),
  CONSTRAINT `auth_user_u_permission_id_227ea2824f8f5722_fk_auth_permission_id` FOREIGN KEY (`permission_id`) REFERENCES `auth_permission` (`id`)
) ENGINE=InnoDB DEFAULT CHARSET=utf8;
/*!40101 SET character_set_client = @saved_cs_client */;

--
-- Dumping data for table `auth_user_user_permissions`
--

LOCK TABLES `auth_user_user_permissions` WRITE;
/*!40000 ALTER TABLE `auth_user_user_permissions` DISABLE KEYS */;
/*!40000 ALTER TABLE `auth_user_user_permissions` ENABLE KEYS */;
UNLOCK TABLES;

--
-- Table structure for table `avatar_avatar`
--

DROP TABLE IF EXISTS `avatar_avatar`;
/*!40101 SET @saved_cs_client     = @@character_set_client */;
/*!40101 SET character_set_client = utf8 */;
CREATE TABLE `avatar_avatar` (
  `id` int(11) NOT NULL AUTO_INCREMENT,
  `primary` tinyint(1) NOT NULL,
  `avatar` varchar(1024) NOT NULL,
  `date_uploaded` datetime NOT NULL,
  `user_id` int(11) NOT NULL,
  PRIMARY KEY (`id`),
  KEY `avatar_avatar_user_id_2422d94f3e3aea95_fk_auth_user_id` (`user_id`),
  CONSTRAINT `avatar_avatar_user_id_2422d94f3e3aea95_fk_auth_user_id` FOREIGN KEY (`user_id`) REFERENCES `auth_user` (`id`)
) ENGINE=InnoDB AUTO_INCREMENT=3 DEFAULT CHARSET=utf8;
/*!40101 SET character_set_client = @saved_cs_client */;

--
-- Dumping data for table `avatar_avatar`
--

LOCK TABLES `avatar_avatar` WRITE;
/*!40000 ALTER TABLE `avatar_avatar` DISABLE KEYS */;
INSERT INTO `avatar_avatar` VALUES (1,1,'avatars/orcsun/2d863fc.jpg','2015-10-22 00:41:05',1),(2,0,'avatars/orcsun/page.png','2015-10-22 00:53:33',1);
/*!40000 ALTER TABLE `avatar_avatar` ENABLE KEYS */;
UNLOCK TABLES;

--
-- Table structure for table `blog_blog`
--

DROP TABLE IF EXISTS `blog_blog`;
/*!40101 SET @saved_cs_client     = @@character_set_client */;
/*!40101 SET character_set_client = utf8 */;
CREATE TABLE `blog_blog` (
  `id` int(11) NOT NULL AUTO_INCREMENT,
  `subject` varchar(500) NOT NULL,
  `tags` varchar(500) NOT NULL,
  `content` longtext NOT NULL,
  `createtime` datetime NOT NULL,
  `owner_id` int(11) DEFAULT NULL,
  `language` varchar(10) NOT NULL,
  PRIMARY KEY (`id`),
  KEY `blog_blog_owner_id_51f487d9e3e6ed98_fk_auth_user_id` (`owner_id`),
  CONSTRAINT `blog_blog_owner_id_51f487d9e3e6ed98_fk_auth_user_id` FOREIGN KEY (`owner_id`) REFERENCES `auth_user` (`id`)
) ENGINE=InnoDB AUTO_INCREMENT=67 DEFAULT CHARSET=utf8;
/*!40101 SET character_set_client = @saved_cs_client */;

--
-- Dumping data for table `blog_blog`
--

LOCK TABLES `blog_blog` WRITE;
/*!40000 ALTER TABLE `blog_blog` DISABLE KEYS */;
INSERT INTO `blog_blog` VALUES (1,'情怀','开篇','<p><strong>一个情怀</strong></p>\r\n\r\n<p><strong>一件事情</strong><img alt=\"\" src=\"/static/media/uploads/2015/10/15/img_20151003_134030712_hdr.jpg\" style=\"height:337px; width:600px\" /></p>\r\n','2015-10-11 05:36:57',1,'zh-cn'),(2,'清晨  13KM','徒步','<p>安静的农场，只这一刻，可以抛却一切烦恼</p>\r\n\r\n<p><img alt=\"\" src=\"/static/media/uploads/2015/10/16/img_20151010_102109647.jpg\" style=\"height:337px; width:600px\" /></p>\r\n\r\n<p>大河奔流 想着哪一天逐流而上</p>\r\n\r\n<p><img alt=\"\" src=\"/static/media/uploads/2015/10/16/img_20151010_085845891.jpg\" style=\"height:337px; width:600px\" /></p>\r\n\r\n<p>&nbsp;总是在电影里看到的场景，试想着哪一天也动手做一做</p>\r\n\r\n<p><img alt=\"\" src=\"/static/media/uploads/2015/10/16/img_20151010_085831307.jpg\" style=\"height:337px; width:600px\" /></p>\r\n\r\n<p>&nbsp;</p>\r\n\r\n<p>&nbsp;</p>\r\n','2015-10-11 15:11:24',1,'zh-cn'),(3,'照片','照片','<p>照片哪里传</p>','2015-10-11 16:13:00',3,'zh-cn'),(4,'温哥华的秋','温哥华','<p>温哥华的秋，金黄金黄</p>\r\n\r\n<p><img alt=\"\" src=\"/static/media/uploads/2015/10/15/img_20151011_154245167_hdr.jpg\" style=\"height:996px; width:560px\" /></p>\r\n\r\n<p>&nbsp;</p>\r\n\r\n<p>&nbsp;</p>\r\n','2015-10-12 04:28:22',1,'zh-cn'),(5,'网站开发日志','系统','<p>这里将记录整个网站开发维护日志等所有信息，所以有任何需求，缺陷报告，回复这里^_^</p>\r\n\r\n<p>Working：社区</p>\r\n\r\n<ul>\r\n	<li>news</li>\r\n</ul>\r\n\r\n<p>&nbsp;</p>\r\n\r\n<p>Backlog：</p>\r\n\r\n<ul>\r\n	<li>书签</li>\r\n	<li>存储选择？ S3(<a href=\"https://aws.amazon.com/s3/pricing/\">https://aws.amazon.com/s3/pricing/</a>)?</li>\r\n	<li>邮件通知</li>\r\n	<li>S3存储</li>\r\n	<li>第三方登录 - google 登录</li>\r\n	<li>群组</li>\r\n</ul>\r\n\r\n<p>&nbsp;</p>\r\n\r\n<p>Trace</p>\r\n\r\n<hr />\r\n<ul>\r\n	<li>照片</li>\r\n	<li>首页显示最新回复 -- 2015/11/6</li>\r\n	<li>详细页面显示类似列表 - 2015/11/6</li>\r\n	<li>版权声明，注册条款 2015/11/6</li>\r\n	<li>针对图片上传，去掉 staff_required 限制</li>\r\n	<li>社交分享</li>\r\n	<li>调整自适应：手机屏幕首页不显示图片</li>\r\n	<li>活动计划</li>\r\n	<li>支持图片上传功能 （ckeditor）</li>\r\n</ul>\r\n','2015-10-13 17:03:35',1,'zh-cn'),(6,'如何上传照片','系统','<p>1. 点击插入图片图标</p>\r\n\r\n<p><img alt=\"\" src=\"/static/media/uploads/2015/10/13/1.PNG\" style=\"height:143px; width:762px\" /></p>\r\n\r\n<p>2. 选择&ldquo;upload&rdquo; 标签，然后点击 &ldquo;choose file&rdquo; 按钮， 接着点击&ldquo;send it to the server&rdquo; 按钮，这个图片就上传到服务器</p>\r\n\r\n<p><img alt=\"\" src=\"/static/media/uploads/2015/10/13/2.PNG\" style=\"height:192px; width:462px\" /></p>\r\n\r\n<p>3. 图片上传完毕后，自动切换到&ldquo;image info&rdquo;标签，这里可以调整图片大小等属性</p>\r\n\r\n<p><img alt=\"\" src=\"/static/media/uploads/2015/10/13/3.PNG\" style=\"height:486px; width:444px\" /></p>\r\n\r\n<p>&nbsp;</p>\r\n','2015-10-14 01:34:59',1,'zh-cn'),(7,'阳光是一样神奇的东西','阳光','<p>早上送完儿子上学，看阳光很好，就多走一段。 嫩绿的草地，多彩的秋色，暖暖的阳光。这样的早上只想坐在椅子上静静的晒晒太阳。</p>\r\n\r\n<p>有阳光，心情就舒畅，心情舒畅，内心就充满了力量，有力量，就没有什么可怕的<img alt=\"laugh\" src=\"http://www.sunorth.org/static/ckeditor/ckeditor/plugins/smiley/images/teeth_smile.png\" style=\"height:23px; width:23px\" title=\"laugh\" /></p>\r\n\r\n<p><img alt=\"\" src=\"/static/media/uploads/2015/10/16/img_20151016_085518456_hdr-effects.jpg\" style=\"height:338px; width:600px\" /></p>\r\n\r\n<p><img alt=\"\" src=\"/static/media/uploads/2015/10/16/img_20151016_085722941_hdr-1.jpg\" style=\"height:337px; width:600px\" /></p>\r\n\r\n<p><img alt=\"\" src=\"/static/media/uploads/2015/10/16/img_20151016_085612225_fCvfuSn.jpg\" style=\"height:337px; width:600px\" /></p>\r\n\r\n<p>&nbsp;</p>\r\n\r\n<p>&nbsp;</p>\r\n','2015-10-16 16:26:37',1,'zh-cn'),(8,'深呼吸 ','hiking','<p>7:30am</p>\r\n\r\n<p><img alt=\"\" src=\"/static/media/uploads/2015/10/17/img_20151017_073744116.jpg\" style=\"height:338px; width:600px\" /></p>\r\n\r\n<p><img alt=\"\" src=\"/static/media/uploads/2015/10/17/img_20151017_080521540_hdr.jpg\" style=\"height:338px; width:600px\" /></p>\r\n\r\n<p><img alt=\"\" src=\"/static/media/uploads/2015/10/17/img_20151017_094536787_hdr.jpg\" style=\"height:338px; width:600px\" /></p>\r\n\r\n<p><img alt=\"\" src=\"/static/media/uploads/2015/10/17/img_20151017_101259281.jpg\" style=\"height:338px; width:600px\" /></p>\r\n\r\n<p><img alt=\"\" src=\"/static/media/uploads/2015/10/17/img_20151017_101357200.jpg\" style=\"height:340px; width:604px\" /></p>\r\n','2015-10-17 17:48:46',1,'zh-cn'),(9,'我的camping checklist','camping','<ul>\r\n	<li>------------------------------必备-------------------------------------------</li>\r\n	<li>Sleep bag/Tent/Sleeping Pad/footprint &nbsp;必须的露营装备</li>\r\n	<li>Stove/gas/starter/fire/matches/pot &nbsp;必须的造饭装备</li>\r\n	<li>Empty container 必须的，打水使用，比如牛奶桶</li>\r\n	<li>Flash light/lamp/headlight 必须的，晚上吃饭，上厕所</li>\r\n	<li>------------------------------以下可选------------------------------------------------</li>\r\n	<li>Knife &nbsp;可选</li>\r\n	<li>Charcoal &nbsp;可选，比如烧烤</li>\r\n	<li>Bowls/spoons/forks/Napkin/chopsticks/Cups 吃饭的家伙，最好有了</li>\r\n	<li>Rope 可选，晾衣服。。。</li>\r\n	<li>Tablecloth 可选，如果不嫌桌子脏，通常还可以</li>\r\n	<li>beach chair&nbsp;</li>\r\n</ul>\r\n\r\n<p>sleeping bag 通常0或5度以上就可以了，除非想自虐，所以一般孔棉就足以，不必绒的</p>\r\n\r\n<p>Tent 最好多一人空间，三口之家最好选4人帐篷，舒服一点。铝杆的轻，但贵，一般开车出去塑料杆就可以了，相对便宜。通常帐篷不带地席，需要单独买一个，最好要防水的，当然弄个塑料也可以，但不结实，会被石子咯破。</p>\r\n\r\n<p>sleeping pad 有充气的和泡沫的。 充气的贵，可以压缩，泡沫的保温更好，可能不如充气节省空间，但便宜。</p>\r\n\r\n<p>&nbsp;</p>\r\n\r\n<p>hiking list 参考：<a href=\"http://www.sunorth.org/blog/10\">http://www.sunorth.org/blog/10</a></p>\r\n','2015-10-21 00:08:40',1,'zh-cn'),(10,'我的hiking list','hiking','<ul>\r\n	<li>Bottle &nbsp;必须的，至少一升</li>\r\n	<li>Raincoat 必须的，特别是温哥华这地方</li>\r\n	<li>Flashlight/headlamp 必须的，in case 天黑没出来</li>\r\n	<li>Whistle 必须的，关键时候就知道了</li>\r\n	<li>Compass 必须的，到处是森林，GPS 很多时候都不管用</li>\r\n	<li>Bells 必须的，提前通知熊通知</li>\r\n	<li>First aids 必须的，止血绷带。。。</li>\r\n	<li>Interphone 最好了，in case真的失联了，或许还有机会通过radio</li>\r\n	<li>backbag 肯定是要有的了，通常20L 对于单日hiking</li>\r\n	<li>防雨罩&nbsp;</li>\r\n	<li>手杖 - 脚崴了时候体现用处</li>\r\n</ul>\r\n\r\n<p>Camping list 参考：&nbsp;<a href=\"http://www.sunorth.org/blog/9/\">http://www.sunorth.org/blog/9/</a></p>\r\n\r\n<p>户外救援组织：<a href=\"http://www.northshorerescue.com/education/what-to-bring/\">http://www.northshorerescue.com/education/what-to-bring/</a></p>\r\n','2015-10-21 00:18:35',1,'zh-cn'),(11,'据说白石','hiking','<p><img alt=\"\" src=\"/static/media/uploads/2015/10/24/micromsg1445730641472.jpg\" style=\"height:338px; width:600px\" /></p>\r\n\r\n<p>&nbsp;</p>\r\n\r\n<p>传说中的那块白石<img alt=\"\" src=\"/static/media/uploads/2015/10/24/img_20151024_164744244.jpg\" style=\"height:338px; width:600px\" /></p>\r\n','2015-10-25 00:54:25',1,'zh-cn'),(14,'一起户外的日子','hiking','<p>&nbsp;</p>\r\n\r\n<p>​偶然翻起了老照片，记忆带回了7年前，葱葱那年</p>\r\n\r\n<p>&nbsp;</p>\r\n\r\n<p>2007.10.4 从香巴拉开始</p>\r\n\r\n<p><img alt=\"\" src=\"/static/media/uploads/2015/10/25/s3700029.JPG\" style=\"height:450px; width:600px\" /></p>\r\n\r\n<p>香巴拉 2007.11.3</p>\r\n\r\n<p><img alt=\"\" src=\"/static/media/uploads/2015/10/25/008.jpg\" style=\"height:400px; width:600px\" /></p>\r\n\r\n<p>2008.3.7三家店-香山</p>\r\n\r\n<p><img alt=\"\" src=\"/static/media/uploads/2015/10/25/pic-14.jpg\" style=\"height:450px; width:600px\" /></p>\r\n\r\n<p>潭柘寺 2008.3.15</p>\r\n\r\n<p><img alt=\"\" src=\"/static/media/uploads/2015/10/25/img_5088.jpg\" style=\"height:399px; width:600px\" /></p>\r\n\r\n<p>王平至圈门 2008.5.2<img alt=\"\" src=\"/static/media/uploads/2015/10/25/dscn0251.JPG\" style=\"height:450px; width:600px\" /></p>\r\n\r\n<p>2008.5.17 妙峰山<img alt=\"\" src=\"/static/media/uploads/2015/10/25/img_5686.JPG\" style=\"height:399px; width:600px\" /></p>\r\n\r\n<p>王平-牛角岭 2008.6.28</p>\r\n\r\n<p><img alt=\"\" src=\"/static/media/uploads/2015/10/25/389.jpg\" style=\"height:399px; width:600px\" /></p>\r\n','2015-10-25 02:45:08',1,'zh-cn'),(15,'既然没螃蟹就hiking了','徒步','<p>可怜今天仅收获一只，别人送了两只，那就埋锅用几只螃蟹煮海鲜面了<img alt=\"cheeky\" src=\"http://www.sunorth.org/static/ckeditor/ckeditor/plugins/smiley/images/tongue_smile.png\" style=\"height:23px; width:23px\" title=\"cheeky\" />事实证明三文鱼头好像不如鸡肉&nbsp;</p>\r\n\r\n<p><img alt=\"\" src=\"/static/media/uploads/2015/10/28/2.jpg\" style=\"height:450px; width:600px\" /></p>\r\n\r\n<p>可怜的皮筏刚出海就漏了一半气，但还是决然出发了，何等勇气？</p>\r\n\r\n<p><img alt=\"\" src=\"/static/media/uploads/2015/10/28/psb.jpg\" style=\"height:450px; width:600px\" /></p>\r\n\r\n<p><img alt=\"\" src=\"/static/media/uploads/2015/10/26/img_20151025_141952003_hdr.jpg\" style=\"height:338px; width:600px\" /></p>\r\n\r\n<p>饭后继续hiking ，三个小朋友很快啊</p>\r\n\r\n<p><img alt=\"\" src=\"/static/media/uploads/2015/10/26/img_20151025_162804983.jpg\" style=\"height:338px; width:600px\" /></p>\r\n\r\n<p>3KM 很快到了岛的尽头，安静的港湾，几个老外在潜水</p>\r\n\r\n<p><img alt=\"\" src=\"/static/media/uploads/2015/10/26/img_20151025_170024781.jpg\" style=\"height:337px; width:600px\" /></p>\r\n\r\n<p>水很好，明年夏天过来游泳。</p>\r\n\r\n<p>路后半段有几个小坡。</p>\r\n\r\n<p>往返6KM已然夜幕降临</p>\r\n\r\n<p><img alt=\"\" src=\"/static/media/uploads/2015/10/26/img_20151025_181819295.jpg\" style=\"height:337px; width:600px\" /></p>\r\n\r\n<p>&nbsp;</p>\r\n\r\n<p><img alt=\"\" src=\"/static/media/uploads/2015/10/26/capture.PNG\" style=\"height:613px; width:600px\" /></p>\r\n\r\n<p>这条线上午只走了一段，下次再来了</p>\r\n\r\n<p><img alt=\"\" src=\"/static/media/uploads/2015/10/25/capture1.PNG\" style=\"height:602px; width:600px\" /></p>\r\n','2015-10-26 03:42:16',1,'zh-cn'),(16,'温哥华的雨','人生','<p>现在越来越喜欢温哥华的雨了，不大，无风，走在雨中不至于淋得狼狈，且可以安静的思考人生，顿感心灵的净化<img alt=\"laugh\" src=\"http://www.sunorth.org/static/ckeditor/ckeditor/plugins/smiley/images/teeth_smile.png\" style=\"height:23px; width:23px\" title=\"laugh\" /></p>\r\n\r\n<p><img alt=\"\" src=\"/static/media/uploads/2015/10/26/img_20151026_091020064.jpg\" style=\"height:337px; width:600px\" /></p>\r\n\r\n<p>好的作品眼睛一亮，好的意境心灵一震&nbsp;<img alt=\"\" src=\"/static/media/uploads/2015/10/26/img_20151026_094011277_hdr.jpg\" style=\"height:338px; width:600px\" /></p>\r\n','2015-10-26 16:22:20',1,'zh-cn'),(17,'Working on it ','Work','<p>比较老外，太缺乏创意了，明年一定用心准备准备</p>\r\n\r\n<p><img alt=\"\" src=\"/static/media/uploads/2015/10/29/img_20151029_093350120.jpg\" style=\"height:338px; width:600px\" /></p>\r\n','2015-10-29 16:35:48',1,'zh-cn'),(18,'Golden Ears Bridge上游荡 -- 16KM','Hiking','<p>​上这个桥太不容易了，费好一番周折。 可惜今天没有地方坐下来喝杯咖啡。</p>\r\n\r\n<p>人生就是一个行走的过程，但节奏只能自己能把握，不同的时段和地点有不同的风景，就看你是如何去面对。</p>\r\n\r\n<p><img alt=\"\" src=\"/static/media/uploads/2015/11/01/img_20151101_094020712.jpg\" style=\"height:394px; width:700px\" /></p>\r\n\r\n<p>只有两个幽灵在镜头后面游荡<img alt=\"\" src=\"/static/media/uploads/2015/11/01/img_20151101_094011754_hdr.jpg\" style=\"height:394px; width:700px\" /></p>\r\n\r\n<p>&nbsp;</p>\r\n\r\n<p>风景这边独好<img alt=\"\" src=\"/static/media/uploads/2015/11/01/img_20151101_102655924.jpg\" style=\"height:394px; width:700px\" /></p>\r\n\r\n<p>回望Langley, 那绚丽的秋色。<img alt=\"\" src=\"/static/media/uploads/2015/11/01/img_20151101_094001374.jpg\" style=\"height:394px; width:700px\" /></p>\r\n\r\n<p>去程</p>\r\n\r\n<p><img alt=\"\" src=\"/static/media/uploads/2015/11/01/go.PNG\" style=\"height:657px; width:671px\" /></p>\r\n\r\n<p>回程，桥下还逛了下outlet 上了趟厕所<img alt=\"\" src=\"/static/media/uploads/2015/11/01/return.PNG\" style=\"height:693px; width:696px\" /></p>\r\n','2015-11-01 20:34:13',1,'zh-cn'),(19,'深秋游温哥华金耳大桥','金耳大桥','<p><img alt=\"菲沙河_金耳大桥上\" src=\"/static/media/uploads/2015/11/02/image_VC9wK8I.jpg\" style=\"float:left; height:245px; width:326px\" />今天和好友richard 冒着小雨，hiking golden ear 大桥，景色一如既往的好。</p>\r\n\r\n<p>今天走golden ear 大桥，一路地畅谈配上美景，人生何求？</p>\r\n\r\n<p>我们这些从国内逃离而来的人来到温哥华，自己感觉是非常幸运的，心情只能用感恩来形容，感谢主，感谢所有帮助我们的人！</p>\r\n\r\n<p>早晨起床，哦今天是夏令时结束的第一天，微信一招呼，Richard立马杀到，能在温哥华，在核桃林认识richard一家，认识wilson，Simon这几家人真得好开心！人生能遇几个好友足亦。<br />\r\n此刻，坐在火炉边继续写，好温馨呀！<br />\r\n还是说说hiking吧，虽然下着小雨，但别有一番风趣，richard大约8：30到我家，匆匆吃完早餐就上路了，有人说过，生活在温哥华是<br />\r\n被上帝赐福的，这里有山，有海，有湖，有河，有森林，有丘陵，最让我喜欢的是这里有友善平和的人民，生活过中国的还几个城市，断断续续在美国的Oregon生活过半年，还去过数不清的城市，真正让我如痴如醉的莫过过于这里。随便一出门就能瞥见风景。我的家就在一批红叶林中，这红叶似乎是一种樱花，春天是一开一片，云似的，当时看房子时一下就陶醉了，感谢上帝，秋天时我已经在这住了好几个月了。此时火红的叶子像燃烧的火焰！大部分邻居都还在梦中，昨晚hollowin的喜悦一定还挂在他们的面颊上。（配图）</p>\r\n\r\n<p><img alt=\"Martin\'s Home\" src=\"/static/media/uploads/2015/11/02/image_VPJimot.jpg\" style=\"height:245px; width:326px\" /></p>\r\n\r\n<p>今天的目标是golden ear 大桥，开车走过若干次，每次都有停车看看的冲动，今天终于可以如愿以尝了，可是我和Richard怎么都找不到大桥入口，关键时刻还得求助Google地图，原来大桥设计者非常人性化的设置了步行和自行车环形上桥道，好贴心的设计，自行车可以方便地上下，即安全又便捷，中国是不是也有同样的设计了？或许要手门票了！配图<br />\r\n仔细想想，上引桥，下引桥，行人自行车各行其道，很好的设计。</p>\r\n\r\n<p>上了桥基本上就是主桥了，宽阔的飞沙河尽收眼底，细雨绵绵中整个飞沙河谷似乎还没苏醒，温哥华的秋太美了，整个世界成了五彩斑斓的，朦胧的，飘渺的。但是你永远感受不到一丝的萧瑟与凄凉。（配图）<br />\r\n回来竟然发现桥下有一片废水处理厂，此时应该没有一个工人吧！但是整个厂正在开足马力运转。总算知道这么大的城市边的一条河流为何能如此清澈了！我自小是在长江边长大的，家乡也算是河湖密布，但是现在不说也罢。污水池边成群的飞鸟在觅食，不知是不是养了什么鱼类净化水质！温哥华的生态真的保持得非常好，加拿大人对自然的热爱近乎偏执，据说上世纪60年带为了保护飞沙河回游的三文鱼，加拿大人竟然封锁了毗邻美国华盛顿洲北部的一个主要渔港，强迫他们和自己一道签署了严格的三文鱼保护法案。年年都有大批三文鱼沿菲沙河回流产卵生生不息蔚为壮观！有几会我要专门写下关于三文鱼的游记。脚下缓缓流淌的河水就是鱼儿men回家的路！</p>\r\n\r\n<p>我们也要回去了，这时雨下得大起来了，稍微有些冷，但是心是热的！突然想起了吴晓波的一句话，把生命浪费在美好的事情上！</p>\r\n\r\n<p>下次去哪呢？</p>\r\n','2015-11-02 06:24:30',7,'zh-cn'),(20,'放慢脚步，让灵魂跟上','思考','<p>现代的生活节奏无形中推着我们拼命的往前赶，去追逐，可是在追寻什么呢？有时候会茫然，会疲惫。。。可能我们走的太快了吧？！</p>\r\n\r\n<p><img alt=\"\" src=\"/static/media/uploads/2015/11/02/img_20151102_084954453.jpg\" style=\"height:394px; width:700px\" /></p>\r\n','2015-11-02 17:38:57',1,'zh-cn'),(21,'新装备','装备','<p>可以不用考虑漏气的问题了<img alt=\"laugh\" src=\"http://www.sunorth.org/static/ckeditor/ckeditor/plugins/smiley/images/teeth_smile.png\" style=\"height:23px; width:23px\" title=\"laugh\" /></p>\r\n\r\n<p><img alt=\"\" src=\"/static/media/uploads/orcsun/2015/11/05/img_20151104_160024160.jpg\" style=\"height:394px; width:700px\" /></p>\r\n','2015-11-05 17:17:41',1,'zh-cn'),(22,'不是在hiking，就是在去往hiking的路上','hiking','<p>人生何处无风景</p>\r\n\r\n<p><img alt=\"\" src=\"/static/media/uploads/orcsun/2015/11/05/img_20151105_141940689.jpg\" style=\"height:394px; width:700px\" /></p>\r\n\r\n<p><img alt=\"\" src=\"/static/media/uploads/orcsun/2015/11/05/img_20151105_141950920_hdr.jpg\" style=\"height:394px; width:700px\" /></p>\r\n','2015-11-05 22:30:54',1,'zh-cn'),(23,'今天装修终于完工了 差强人意！','家国情怀','<p>花了无数精力在装修上，今天终于完工了，说心里话，挺失望的。</p>\r\n\r\n<p>考察了若干家装修的，甚至和一家都签约了，最后竟然都杳无音讯了，临时换了一家中国人装修师傅。咳，和我一个朋友的经历完全相同，除此之外，对于所有问题一概推卸责任，快而毛糙，最后一个晚上终于没有忍住，大发雷霆！有一个在温哥华修车的朋友以前告诉我，千万别找华人修车，哪怕西人贵点。咳，中国人呀！联想前几天，组里一哥们针对我指出的技术问题竟然和我说＂凑合着看吧＂我当时整个脑袋翁的一下，在这家为世人所尊敬的公司中工作十几年让我知道必须要有严谨认真的工作态度，没有捷径，永远踏实认真！还有这几天国内舆论又开始吹嘘高铁，大飞机。我不知道，是不是我故步自封了，但是＂凑合着看＂＂短平快＂真的可以么？我相信任何的事情都有它内在的规率，违背这个规律必然要受到惩罚！</p>\r\n\r\n<p>无论是高铁，大飞机，还是装修个房子。但愿不要再听到＂凑合看＂</p>\r\n\r\n<p>由家联想到国，发发牢骚！</p>\r\n','2015-11-06 08:15:32',7,'zh-cn'),(24,'试水','hiking','<p>新装备终于测试一把，螃蟹还是一如既往的相对收获惨淡<img alt=\"cheeky\" src=\"http://www.sunorth.org/static/ckeditor/ckeditor/plugins/smiley/images/tongue_smile.png\" style=\"height:23px; width:23px\" title=\"cheeky\" />。 不过这次老天还是给面子，始终没有下雨，所以在水中也小有情调一把。云山雾罩是我最喜欢温哥华的一景，每次站在街头喜欢回望北温的云雾，多次梦想的西部高原，想必也不过如此吧。实践证明小船操控感很好，但平衡是一个问题，就此我们在hiking路上展开了讨论，就如何调整稳定性，想出了若干方案，回头再想，抓没抓到螃蟹已然不重要，其中的乐趣才是每次乐此不疲的原因。每次都有新发现，每次都因为需求而升华。娱乐自己也是一种态度。</p>\r\n\r\n<p>如某人说&ldquo;要过丰盛的生活&rdquo;， 丰盛不仅仅意味着多样，也意味着从不同的体验中获得乐趣。</p>\r\n\r\n<p><img alt=\"\" src=\"/static/media/uploads/orcsun/2015/11/09/img_20151108_100708695_hdr.jpg\" style=\"height:394px; width:700px\" /></p>\r\n\r\n<p><img alt=\"\" src=\"/static/media/uploads/orcsun/2015/11/09/img_20151108_120453192_hdr.jpg\" style=\"height:394px; width:700px\" /></p>\r\n','2015-11-09 17:49:47',1,'zh-cn'),(25,'慢慢品味北美的教育','北美 教育','<p>前两天，儿子兴奋地告诉我他写了一本书，非要让我看，还真是一本小册子，还配点插图，随手翻了几页，我勒个去，单词的拼写错了无数，当时就很生气，在这儿读了两年了，整个啥都没学到呀！下午就冲到学校找老师质问是怎么教的。克拉克，他们的的女老师，笑一笑，把我请进教室，坐下，拿出他的作文本，慢慢当当歪七扭八地写了一本。她翻开了第一页，挨个和我过单词，几乎没有一个拼写是对的，有很多地方还用画画代替。她特意找出了father这个单词，写成了faser，又往后翻，faser就成father了。这时克拉克对我语重心长地说，＂单词总能拼对的关键是思想，idea。你上周是不是到美国出差了？＂我说&quot;是，你怎么知道的？＂她笑着又翻开一篇短文，指给我看中间的一段＂爸爸周末开车去美国出差了，我和妈妈奶奶还有弟弟在家等他回来，我很想念他...＂了了几句难道不是这个小孩子的真心所想么？</p>\r\n','2015-11-11 06:44:28',7,'zh-cn'),(26,'扬帆起航','sailing','<p>除了hiking， 帆船是我比较钟爱的一项活动。一个偶然的机会从老师那里得知UBC有这样一个club，于是就报了名，参加了前后两个月的培训。除了第一堂课，老师讲解了一些基本的操作和如何绳子打结，剩下的时间基本都是在水里。 帆船和滑雪有点类似，开始的时候还是挺害怕的，怕capsize，但随着操作熟练了，就慢慢感受到那种速度与激情，当风起的时候，迎风beating ，all the way in 主帆，将身子横置于船外，船在水面surfing，真的很刺激！ 当时学到是flying junior， 看到旁边的Hobie&nbsp;已经飞了起来，真是酷！后来又学了 Vanguard 和&nbsp;Laser ，更喜欢Laser，因为更快，更刺激！&nbsp;温哥华的夏季太短，海水太凉，所以可以玩的时间很短，明年再续了。</p>\r\n\r\n<p>我的人生信条就是&ldquo;不断的尝试&rdquo;，在温哥华这个得天独厚的地方，不尽情的体验就太可惜了。<img alt=\"laugh\" src=\"http://www.sunorth.org/static/ckeditor/ckeditor/plugins/smiley/images/teeth_smile.png\" style=\"height:23px; width:23px\" title=\"laugh\" /></p>\r\n\r\n<p><img alt=\"\" src=\"/static/media/uploads/orcsun/2015/11/11/marty-mclennan-breckenridge-2014-8130050.jpg\" style=\"height:779px; width:700px\" /></p>\r\n\r\n<p><img alt=\"\" src=\"/static/media/uploads/orcsun/2015/11/11/marty-mclennan-breckenridge-2014-8130076.jpg\" style=\"height:904px; width:700px\" /></p>\r\n','2015-11-12 01:42:10',1,'zh-cn'),(27,'身未动，心已远','F2F','<p>这个早晨</p>\r\n\r\n<p>天高云淡</p>\r\n\r\n<p>加拿大国殃日</p>\r\n\r\n<p>世界，静了下来<img alt=\"\" src=\"/static/media/uploads/orcsun/2015/11/11/img_20151111_093755809.jpg\" style=\"height:394px; width:700px\" /></p>\r\n\r\n<p><img alt=\"\" src=\"/static/media/uploads/orcsun/2015/11/11/img_20151111_091819242.jpg\" style=\"height:394px; width:700px\" /></p>\r\n','2015-11-12 04:37:14',1,'zh-cn'),(28,'Fort to Fort where BC started','Hiking','<p>&nbsp;</p>\r\n\r\n<p><img alt=\"\" src=\"/static/media/uploads/MartinXu/2015/11/12/f2f_road1.jpg\" style=\"height:570px; width:858px\" /><img alt=\"\" src=\"/static/media/uploads/MartinXu/2015/11/12/f2f_sitting.jpg\" style=\"height:570px; width:858px\" /></p>\r\n\r\n<p><img alt=\"\" src=\"/static/media/uploads/MartinXu/2015/11/12/f2f_fishing.jpg\" style=\"height:570px; width:858px\" /></p>\r\n\r\n<p><img alt=\"\" src=\"/static/media/uploads/MartinXu/2015/11/12/f2f_house.jpg\" style=\"height:570px; width:858px\" /></p>\r\n\r\n<p><img alt=\"\" src=\"/static/media/uploads/MartinXu/2015/11/12/f2f_community.jpg\" style=\"height:570px; width:858px\" /></p>\r\n\r\n<p>&nbsp;</p>\r\n\r\n<p><img alt=\"\" src=\"/static/media/uploads/MartinXu/2015/11/12/f2f_beauties.jpg\" style=\"height:570px; width:858px\" /></p>\r\n\r\n<p><img alt=\"\" src=\"/static/media/uploads/MartinXu/2015/11/12/f2f_flags.jpg\" style=\"height:858px; width:570px\" /></p>\r\n\r\n<p><img alt=\"\" src=\"/static/media/uploads/MartinXu/2015/11/12/f2f_rowing.jpg\" style=\"height:570px; width:858px\" /></p>\r\n\r\n<p><img alt=\"\" src=\"/static/media/uploads/MartinXu/2015/11/12/f2f_standing.jpg\" /></p>\r\n\r\n<p><img alt=\"\" src=\"/static/media/uploads/MartinXu/2015/11/12/f2f_flying.jpg\" style=\"height:514px; width:854px\" /></p>\r\n\r\n<p><img alt=\"Just Going\" src=\"/static/media/uploads/MartinXu/2015/11/12/f2f_1.jpg\" style=\"height:531px; width:800px\" /></p>\r\n\r\n<p><img alt=\"\" src=\"/static/media/uploads/MartinXu/2015/11/12/f2f_road2.jpg\" style=\"height:570px; width:858px\" /></p>\r\n\r\n<p>&nbsp;</p>\r\n\r\n<p><img alt=\"\" src=\"/static/media/uploads/MartinXu/2015/11/12/qinghuai.jpg\" style=\"height:855px; width:568px\" /></p>\r\n','2015-11-12 20:15:43',7,'zh-cn'),(29,'Belcarra where close to heaven','Hiking','<p><img alt=\"\" src=\"/static/media/uploads/MartinXu/2015/11/13/belcarra-fall.jpg\" style=\"height:570px; width:858px\" /></p>\r\n\r\n<p><img alt=\"\" src=\"/static/media/uploads/MartinXu/2015/11/13/belcarra-bridge.jpg\" style=\"height:570px; width:858px\" /></p>\r\n\r\n<p><img alt=\"\" src=\"/static/media/uploads/MartinXu/2015/11/13/belcarra-catching-crab.jpg\" style=\"height:570px; width:858px\" /></p>\r\n\r\n<p><img alt=\"\" src=\"/static/media/uploads/MartinXu/2015/11/13/belcarra-comming.jpg\" style=\"height:570px; width:858px\" /></p>\r\n\r\n<p><img alt=\"\" src=\"/static/media/uploads/MartinXu/2015/11/13/belcarra-father-son.jpg\" style=\"height:858px; width:570px\" /></p>\r\n\r\n<p><img alt=\"\" src=\"/static/media/uploads/MartinXu/2015/11/13/belcarra-fishing.jpg\" style=\"height:570px; width:858px\" /></p>\r\n\r\n<p><img alt=\"\" src=\"/static/media/uploads/MartinXu/2015/11/13/belcarra-gate-heavn.jpg\" style=\"height:570px; width:858px\" /></p>\r\n\r\n<p><img alt=\"\" src=\"/static/media/uploads/MartinXu/2015/11/13/belcarra-house.jpg\" style=\"height:858px; width:570px\" /></p>\r\n\r\n<p><img alt=\"\" src=\"/static/media/uploads/MartinXu/2015/11/13/belcarra-mom-son.jpg\" /></p>\r\n\r\n<p><img alt=\"\" src=\"/static/media/uploads/MartinXu/2015/11/13/belcarra-rock-bay.jpg\" style=\"height:570px; width:858px\" /></p>\r\n\r\n<p><img alt=\"\" src=\"/static/media/uploads/MartinXu/2015/11/13/belcarra-surfing.jpg\" style=\"height:570px; width:858px\" /></p>\r\n','2015-11-13 06:25:01',7,'zh-cn'),(30,'Walnut Grove My home（有空补文章）','home','<p><img alt=\"\" src=\"/static/media/uploads/MartinXu/2015/11/13/walnut-garden.jpg\" style=\"height:858px; width:570px\" /></p>\r\n\r\n<p><img alt=\"\" src=\"/static/media/uploads/MartinXu/2015/11/13/walnut-home.jpg\" style=\"height:570px; width:858px\" /></p>\r\n\r\n<p><img alt=\"\" src=\"/static/media/uploads/MartinXu/2015/11/13/walnut-home1.jpg\" style=\"height:570px; width:858px\" /></p>\r\n\r\n<p><img alt=\"\" src=\"/static/media/uploads/MartinXu/2015/11/13/walnut-red2.jpg\" /></p>\r\n\r\n<p><img alt=\"\" src=\"/static/media/uploads/MartinXu/2015/11/13/walnut-yellow-3.jpg\" style=\"height:570px; width:858px\" /></p>\r\n','2015-11-13 06:48:49',7,'zh-cn'),(31,'这周六哪也不去，为悲痛中的法国人民祈祷！','祈祷','<p>空白中！</p>\r\n','2015-11-14 15:16:53',7,'zh-cn'),(32,'杨树林 这个午后','hiking aldergrove','<p>午后</p>\r\n\r\n<p>阳光</p>\r\n\r\n<p>溪水</p>\r\n\r\n<p>啄木鸟</p>\r\n\r\n<p>3.5km,&nbsp;Pepin Brook Trail</p>\r\n\r\n<p>这一刻，</p>\r\n\r\n<p>只想静静地，悠闲地走着</p>\r\n\r\n<p><img alt=\"\" src=\"/static/media/uploads/orcsun/2015/11/15/img_20151115_141154809.jpg\" style=\"height:394px; width:700px\" /></p>\r\n\r\n<p><img alt=\"\" src=\"/static/media/uploads/orcsun/2015/11/15/img_20151115_141342300.jpg\" style=\"height:394px; width:700px\" /></p>\r\n\r\n<p><img alt=\"\" src=\"/static/media/uploads/orcsun/2015/11/15/img_20151115_142432962.jpg\" style=\"height:394px; width:700px\" /></p>\r\n\r\n<p><img alt=\"\" src=\"/static/media/uploads/orcsun/2015/11/16/img_20151115_143112167.jpg\" style=\"height:394px; width:700px\" /></p>\r\n\r\n<p><img alt=\"\" src=\"/static/media/uploads/orcsun/2015/11/15/img_20151115_141133464.jpg\" style=\"height:996px; width:560px\" /></p>\r\n','2015-11-16 00:45:35',1,'zh-cn'),(33,'有人要过一种丰盛的生活','rowing','<p>丰盛</p>\r\n\r\n<p>不意味着你拥有什么</p>\r\n\r\n<p>而是</p>\r\n\r\n<p>在不断的体验中享受到什么</p>\r\n\r\n<p><img alt=\"\" src=\"/static/media/uploads/orcsun/2015/11/16/img_20151115_095941110.jpg\" style=\"height:394px; width:700px\" /></p>\r\n\r\n<p><img alt=\"\" src=\"/static/media/uploads/orcsun/2015/11/16/img_20151115_100022498.jpg\" style=\"height:394px; width:700px\" /></p>\r\n\r\n<p><img alt=\"\" src=\"/static/media/uploads/orcsun/2015/11/16/img_20151115_101932715.jpg\" style=\"height:394px; width:700px\" /></p>\r\n','2015-11-16 02:06:54',1,'zh-cn'),(34,'露营在加拿大 - 住在哪里家就在哪里','露营','<p>露营是北美流行的夏季户外活动，无论大人还是小孩都乐在其中。说实话，晚上睡不踏实，很不舒服，但还是乐此不疲. 由于带小孩的缘故，都是在夏天，并且在营地，有机会尝试野外，冬季。。。</p>\r\n\r\n<p>在此试图回顾一下曾经去过的营地</p>\r\n\r\n<p>########################################################################</p>\r\n\r\n<p>2014-6-30 Golden Ears &nbsp;第一次在温哥华露营，尽管露营不是第一次，但第一次在这样完备设施的营地还是很新鲜的。 这个营地因为离温哥华最近，所以也最热门，基本不能预订，先到先得（FCFS）</p>\r\n\r\n<p>两个小家伙最喜欢的露营活动莫过于点篝火了</p>\r\n\r\n<p><img alt=\"\" src=\"/static/media/uploads/orcsun/2015/11/19/goldenears2013-6-30.jpg\" style=\"height:525px; width:700px\" /></p>\r\n\r\n<p><img alt=\"\" src=\"/static/media/uploads/orcsun/2015/11/19/goldenears2.jpg\" style=\"height:525px; width:700px\" /></p>\r\n\r\n<p><img alt=\"\" src=\"/static/media/uploads/orcsun/2015/11/19/goldenears3.jpg\" style=\"height:525px; width:700px\" /></p>\r\n\r\n<p>第二天，天气很好，人也很多，又待了一上午，等中午出山才发现外面排了好长的队，后面的就不让进了。</p>\r\n\r\n<p><img alt=\"\" src=\"/static/media/uploads/orcsun/2015/11/19/goldenears4.jpg\" style=\"height:525px; width:700px\" /></p>\r\n\r\n<p>########################################################################</p>\r\n\r\n<p>2014-8-3 &nbsp;Rolley Lake &nbsp;这次邀请了朋友一家一起来的，已然有经验了，不过这是第一次尝试预订的，很方便。这个营地就在Golden Ears 东边，也很近。</p>\r\n\r\n<p>水很好，所以他们玩的很high</p>\r\n\r\n<p><img alt=\"\" src=\"/static/media/uploads/orcsun/2015/11/19/rolleylake2014-8-3-2.jpg\" style=\"height:525px; width:700px\" /></p>\r\n\r\n<p>第二天一早，一个人来到湖边，静静的。。。<img alt=\"\" src=\"/static/media/uploads/orcsun/2015/11/19/rolleylake2014-8-3.jpg\" style=\"height:525px; width:700px\" /></p>\r\n\r\n<p>########################################################################</p>\r\n\r\n<p>2014-8-22 &nbsp;Nairn Falls &nbsp;这是两千公里Banff之行第一站，接下来几天间隔在不同的地方露营。 Nairn Falls在Whistler 北面10多公里，很安静的地方，半夜不小心看了下天空，被吓着了，漫天的繁星密密麻麻，从来没见过那个阵势，就好象在头顶上。这个营地唯一不好，就是离河太近了，有点吵，或许是因为我那天睡眠不好，总觉得水声很大。</p>\r\n\r\n<p><img alt=\"\" src=\"/static/media/uploads/orcsun/2015/11/19/nainfallmg_20140822_193923.jpg\" style=\"height:525px; width:700px\" /></p>\r\n\r\n<p><img alt=\"\" src=\"/static/media/uploads/orcsun/2015/11/19/nairnfalls_20140822_3.jpg\" style=\"height:525px; width:700px\" /></p>\r\n\r\n<p><img alt=\"\" src=\"/static/media/uploads/orcsun/2015/11/19/nairnfalls_20140822_5.jpg\" style=\"height:944px; width:708px\" /></p>\r\n\r\n<p>########################################################################</p>\r\n\r\n<p>2014-8-26 Martha Creek Provincial Park &nbsp;位于Mt RevelStoke 脚下，加拿大的湖看多了，不知道怎么形容才好，总之很美，那种静静的美</p>\r\n\r\n<p>这次篝火好像兴趣没那么大了。</p>\r\n\r\n<p><img alt=\"\" src=\"/static/media/uploads/orcsun/2015/11/19/marthacreek8-26.jpg\" style=\"height:525px; width:700px\" /></p>\r\n\r\n<p>第二天早上坐在静静的湖边，嗮着太阳，真不想走了。 这个营地落下一根绳子<img alt=\"\" src=\"/static/media/uploads/orcsun/2015/11/19/marthacreek2.jpg\" style=\"height:525px; width:700px\" /></p>\r\n\r\n<p>########################################################################</p>\r\n\r\n<p>2014-8-27 &nbsp;Banff Tunnel Mountain Valley1 &nbsp; 紧挨着Banff小镇，这个营地印象最深的是篝火木材不用买，随便取,还有卫生间设施比较好，有灯还能淋浴。&nbsp;这个营地是在一个半山腰，没有靠水就好象少了些许灵气，而且树也不是很高，没有森林的感觉。</p>\r\n\r\n<p><img alt=\"\" src=\"/static/media/uploads/orcsun/2015/11/19/banfftunnelmountain8-27.JPG\" style=\"width:700px\" /></p>\r\n\r\n<p><img alt=\"\" src=\"/static/media/uploads/orcsun/2015/11/19/banfftunnelmountain8-272.JPG\" style=\"height:525px; width:700px\" /></p>\r\n\r\n<p>########################################################################</p>\r\n\r\n<p>本来计划在回程路上露营在Blanket Creek，但是没有预订上，不敢贸然前往，于是临时夜宿Revelstoke，至此回程几天没再露营，计划还是变了。 如果下次再走这条线，会一路露营。</p>\r\n\r\n<p>########################################################################</p>\r\n\r\n<p>2015-6-20&nbsp;Porpoise Bay Provincial Park 主要是冲着Sunshine Coast 来的，可惜没有看到好的海滩. 不过印象最深的是在这个营地吃了好多Wilson烙的饼，从早上吃到中午。</p>\r\n\r\n<p><img alt=\"\" src=\"/static/media/uploads/orcsun/2015/11/19/img_20150621_081541.jpg\" style=\"height:525px; width:700px\" /></p>\r\n\r\n<p>########################################################################</p>\r\n\r\n<p>2015-8-23 EC Manning 时隔一年 把去年计划未成行的一站补上了， 这个夏天太干了，禁止野外用火，露营也就少了几分乐趣。但这个地方很不错，明年再来了。</p>\r\n\r\n<p><img alt=\"\" src=\"/static/media/uploads/orcsun/2015/11/19/img_20150823_112353669_hdr.jpg\" style=\"height:394px; width:700px\" /></p>\r\n\r\n<p><img alt=\"\" src=\"/static/media/uploads/orcsun/2015/11/19/img_20150823_131153286_hdr.jpg\" style=\"height:394px; width:700px\" /></p>\r\n\r\n<p>（待续。。。2016）</p>\r\n','2015-11-19 04:21:27',1,'zh-cn'),(35,'暖暖冬意 只想蹲在墙根下','生活','<p>温哥华的冬天只要有太阳就立马可以穿短袖了，暖暖的，很舒服。这个周末难得好天气，早上虽然太阳偏的很北，依然暖意浓浓，赶紧后街晒晒太阳。邻居的烟囱冒着白烟感觉回到了东北。<img alt=\"\" src=\"/static/media/uploads/Richard/2015/11/21/img_20151121_101241406_hdr.jpg\" style=\"height:394px; width:700px\" /></p>\r\n','2015-11-21 18:44:36',1,'zh-cn'),(36,'Buntzen Lake 9.6KM 意料外的收获','Hiking','<p>这条线路犹豫了好久，因为说长不长说短也不短，趁天气不错赶紧走一趟。山里的气温还是挺低，刚去的时候草上还全是冰茬. 记得夏天来到时候，由于人满为患，没能进来。真是一个不错的游泳，hiking，kayak，picnic的好地方</p>\r\n\r\n<p><img alt=\"\" src=\"/static/media/uploads/Richard/2015/11/22/img_20151122_102945073_hdr.jpg\" style=\"height:394px; width:700px\" />湖水依然是那么安静，不再是夏天那热闹的场面，但仍不乏来往hiking 和遛狗的人</p>\r\n\r\n<p><img alt=\"\" src=\"/static/media/uploads/Richard/2015/11/22/img_20151122_133639598_hdr.jpg\" style=\"height:394px; width:700px\" /></p>\r\n\r\n<p>湖对面也有一小片picnic 平地，不知道夏天是不是也人慢慢的</p>\r\n\r\n<p><img alt=\"\" src=\"/static/media/uploads/Richard/2015/11/22/img_20151122_115154344_hdr.jpg\" style=\"height:394px; width:700px\" /></p>\r\n\r\n<p>吊桥，限行</p>\r\n\r\n<p><img alt=\"\" src=\"/static/media/uploads/Richard/2015/11/22/img_20151122_115441062.jpg\" style=\"height:943px; width:530px\" /></p>\r\n\r\n<p>坐在这里让我想起了北京山上的防火道，只要你一直走，总是有路在前方</p>\r\n\r\n<p><img alt=\"\" src=\"/static/media/uploads/Richard/2015/11/22/img_20151122_120857992_hdr.jpg\" style=\"height:394px; width:700px\" /></p>\r\n\r\n<p><img alt=\"\" src=\"/static/media/uploads/Richard/2015/11/22/img_20151122_133631562_hdr.jpg\" style=\"height:394px; width:700px\" /></p>\r\n\r\n<p>快到终点了，一个小朋友已经累的到极限了，停下来就嚎啕大哭，终于可以发泄了^_^</p>\r\n\r\n<p>原来还担心两个老人走不下来，何曾想，人家最先早早回到车上。</p>\r\n\r\n<p>回头再看不是原计划的8KM， 而是9.6KM，I AM SORRY 超支了</p>\r\n\r\n<p><img alt=\"\" src=\"/static/media/uploads/Richard/2015/11/22/img_20151122_102936600_hdr-effects.jpg\" style=\"height:394px; width:700px\" /></p>\r\n','2015-11-23 01:01:02',1,'zh-cn'),(37,'Deep Cove to Rice Lake 12KM 穿越初体验','hiking','<p>这条线路计划了好久，一直没有走成，由于单程不方便，今天有了后勤支持终于达成所愿，实际上只是一半，下一段到Grouse Mountain 还需要找个时间走一把。</p>\r\n\r\n<p>前1.6km 大家一起走，小朋友很轻松就跑到前头，一会儿就到了Quarry Rock，天气很好，人也比较多，坐在大石头上晒晒太阳，看看海景，太舒服了。记得距离上次来这里已经两年了，&nbsp;我们也趁机拍了各自的全家福^_^</p>\r\n\r\n<p><img alt=\"\" src=\"/static/media/uploads/Richard/2015/11/29/img_20151128_121312131.jpg\" style=\"height:394px; width:700px\" /></p>\r\n\r\n<p>片刻休息后，和Wilson 继续下半段从Quarry Rock到Rice Lake，路上岔口挺多，幸亏使用了GPS，只有一小段绕了一些路，不过基本都是按照原计划走下来的，大约走了3个小时。 前1公里左右基本是上升到路，再后面到Seymour river过河有一段上升，总体上，这条线路很好走，但如果反方向走可能要吃点力，因为坡度比Deep Cove要陡一些。 以前一直没走也是担心一个人不安全，不过今天看来，还好，路上基本都能碰到一些人，而且Trail 很清晰，除了要注意走对一些岔口，迷路倒是不会的。</p>\r\n\r\n<p>&nbsp;</p>\r\n\r\n<p><img alt=\"\" src=\"/static/media/uploads/Richard/2015/11/29/img_20151128_125441562.jpg\" style=\"height:394px; width:700px\" /></p>\r\n\r\n<p><img alt=\"\" src=\"/static/media/uploads/Richard/2015/11/29/img_20151128_141009894.jpg\" style=\"height:394px; width:700px\" /></p>\r\n\r\n<p>有时候就在想，这么一直走有什么意思？说实话，真的不知道，但从内心里喜欢穿越在丛林间，喜欢那种用脚步丈量世界的成就感。 人真的挺奇怪，有的人就喜欢待着，而有的人就喜欢四处游荡，老天是如何让这种多样做到平衡，大家各有所好，生活才变的精彩。</p>\r\n\r\n<p><img alt=\"\" src=\"/static/media/uploads/Richard/2015/11/30/442643223chatroom_1448770702696_11.png\" style=\"height:717px; width:1682px\" /></p>\r\n','2015-11-29 04:36:09',1,'zh-cn'),(38,'丛林寻踪 - Fleetwood park','Hiking','<p>继续好天气，不能闲着。购物之前先去PARK溜达一圈，我的原则就是不在hiking，就是在hiking的路上。打开Google Map看看哪里还没去，哪里比较方便。 缩小地图一看，Surrey有两块绿地相对大一点，细看是Fleetwood，正好在Fraser HW 旁边。</p>\r\n\r\n<p>冬天了，跟所有park一样，冷清很多，停车场大把停车位，又犯了选择综合症，每次这种情况，就犹豫，不知道停哪里好。这个park也有spray park，而且playground 还挺大，可惜有点冷，滑梯上都结霜了，小朋友不能玩了。</p>\r\n\r\n<p>Hiking入口还挺隐蔽，大树后面有一个小桥，过桥后是一个岔路口，我们选择了逆时针走，好像每次来这种round trip路，我都是走跟别人相反的方向，是不是这里有一个潜规则：所有的线路应该顺时针走？ 待多走几次来确认一下。 路上人不是很多，树也不是那种高高的松树，应该是杨树，还有些矮的灌木丛，所以一路上都能晒到阳光，挺好的。绕回半路又一个岔口，选择了小路，没想到越走越窄，仅够一个人宽度，幸亏没有碰到对面来客，不过感觉挺好，有点探路的感觉，而且途中偶尔回出现个小障碍，暗冰什么的，不过路程很短就出来了，回到大路也就到了出发点，前后也就二三十分钟，还不够热身的，不过今天的主题是购物，也就罢了。</p>\r\n\r\n<p><img alt=\"\" src=\"/static/media/uploads/Richard/2015/11/30/img_20151129_114535983.jpg\" style=\"height:450px; width:800px\" /></p>\r\n\r\n<p><img alt=\"\" src=\"/static/media/uploads/Richard/2015/11/30/img_20151129_115555100.jpg\" style=\"height:450px; width:800px\" /></p>\r\n\r\n<p>温度还是挺低的，路上都结满了霜</p>\r\n\r\n<p><img alt=\"\" src=\"/static/media/uploads/Richard/2015/11/30/img_20151129_120843551.jpg\" style=\"height:450px; width:800px\" /></p>\r\n\r\n<p>隐蔽的小路</p>\r\n\r\n<p><img alt=\"\" src=\"/static/media/uploads/Richard/2015/11/30/img_20151129_121104978.jpg\" style=\"height:450px; width:800px\" /></p>\r\n\r\n<p>想起了北京山上穿越路线，基本是这个样子</p>\r\n\r\n<p><img alt=\"\" src=\"/static/media/uploads/Richard/2015/11/30/img_20151129_121229398_hdr.jpg\" style=\"height:996px; width:560px\" /></p>\r\n\r\n<p>虽然温哥华随处都是park，走路不过10分钟基本都会发现一个，但是还是挺羡慕那些紧挨着park旁边的人，想走就走，甚至coffee break都可以出来遛一圈。</p>\r\n\r\n<p>习惯了每个周末出来转转，如果哪天没有计划，还真不适应，不知道该干嘛好，所以还需要开发多一些项目，无论什么情况都有的安排，我的人生也就完满了^_^</p>\r\n\r\n<p>&nbsp;</p>\r\n','2015-11-30 03:04:46',1,'zh-cn'),(39,'有一种热爱叫徒步','徒步','<p>从2007年的那个秋天开始喜欢上徒步，而且越来越喜欢，当然不是那种追求自虐的trek。只要有时间就喜欢找个山头走一走，喜欢叫这个运动为穿越，当然只是空间意义上的。</p>\r\n\r\n<p>有时候会自问，究竟为什么来温哥华？当然原因很多，户外自然环境肯定也是一个重要的部分。喜欢这里可以徒步的地方很多，甚至沿着马路可以走上几个小时。 记得2013年初的一天，一场大雪，早上公交车没法开了，于是想着干脆走路上学了，这一走就是两年。一直觉得自己不是一个能执着做事的人，因为做什么事情都喜欢半途而废，很容易动摇。可是在户外运动上，预订的目的地都会走完，想来还是在于做什么样的事情。只要你喜欢的，就很自然的坚持下去。</p>\r\n\r\n<p>现在徒步已经成为习惯，原则就是只要能走的，就不开车。</p>\r\n\r\n<p>人只要有喜欢的，就会有梦想。 我的梦想就是做一次长途跋涉，有多远，走多远^_^</p>\r\n','2015-12-03 02:10:27',1,'zh-cn'),(40,'这个周末不宜hiking， 据报道','户外','<p>今年的天气真的反常，似乎比往年要冷一些，更夸张的是，今年的风够狠，不记得在温哥华待的这几年刮过几场风，因为那仅仅是微风，所以这也是特别喜欢这里的原因，现在即使想想&ldquo;寒风凛冽&rdquo;这个词，就够寒颤一会儿的。</p>\r\n\r\n<p>最近每次打开天气预报网站，总是看到醒目的风暴警告，这个周末也就没有了安排。 周六实在闲着没事，突然想起车库还有一些木头，于是着手开始早已计划的给儿子做个写字桌，从下午捣鼓到天黑，最后还差一块面板。回头再看，实在不像个写字桌，干脆留在车库当工作台了。有些东西，想象 的挺好，但做出来未必达到效果。唉，还是水平问题。</p>\r\n\r\n<p>周日一早就去homedepot采购了也木材，说实话，还没有明确的计划，只是每次买一些回来备着，哪天突然兴致来了，就钉钉，大概的想法很多，但仅仅是大概。 &nbsp;中午看天气似乎要放晴，于是就带着一家就近去了河边走一段。不像往日，只有偶尔几辆车停在camping site，有一队在搞picnic 还点起了篝火，在这样一个阴雨的天气，也挺惬意的。少了喧嚣，周围都是你的。赶个周末一定过来。 来回4公里还没热身就回到停车场，于是让家人开车走，决定自己徒步回去，跟往常反着方向，一个小时，大约6.5km到家。 &nbsp;</p>\r\n\r\n<p>这个世界真的挺奇怪，有些事情是需要计划的，比如职业，而有的事情却因为没有计划而变得有趣，比如户外。因为没有计划，可以随走随停，仔细看看不曾留意的林中小鸟，可以随意改变线路，原来这边风景更好。如此意境总是会想到喜欢的一句话&ldquo;兴致所至，心之所安&rdquo;。</p>\r\n\r\n<p>&nbsp;</p>\r\n\r\n<p>&nbsp;</p>\r\n','2015-12-07 20:52:57',1,'zh-cn'),(41,'北京记忆 -- 穿越，探路，自虐','穿越','<p>偶然翻看绿野记录，这些熟悉的地名又浮现眼前。记得当年最大的乐趣就是打开Google Earth 看看哪座山上有明显的线路痕迹，那就是徒步trail，不像这里所有的trail都规划好了，在北京需要自己去&ldquo;探路&rdquo;，所以有时候会走到无路可走，还好北京的山上都是灌木丛，抬起头就能看到京城，无所谓迷路。还有一个好处就是根本不用担心野兽，因为根本就没有，相对来看北京&quot;太安全了&quot; ^_^</p>\r\n\r\n<p>那个时候大家习惯说&ldquo;穿越&rdquo;，因为所有的线路都是从上这边穿到那边，很少有这里的round-trip, 记得走之前还计划着走一趟&ldquo;鳌太穿越&rdquo; 现在看不知道要到哪年哪月了。这是一个经典且比较自虐的线路，历时6天，海拔3700米秦岭之巅。</p>\r\n\r\n<p>【2010-11-13】白虎涧穿凤凰岭<br />\r\n【2010-10-30】自驾箭扣<br />\r\n【2010-10-17】黄草梁扎营<br />\r\n【2010-9-21】小五中西沟扎营<br />\r\n【2010-7-17】大觉寺-妙峰古道<br />\r\n【2010-7-4】大觉寺-鹫峰<br />\r\n【2010-6-25】小五连穿：赤崖堡-北台-东台-三岔口 -中台-南台-中台-三岔口-西台-西金河口村<br />\r\n【2010-6-19】铁道桥-佛山陵园-白虎涧-樱桃沟-南流垭口-上方寺垭口-凤凰岭<br />\r\n【2010-6-15】白虎涧-凤凰岭南线<br />\r\n【2010-6-5】下马威-东灵-北灵-韭菜坡-七座楼-黄草梁-柏峪 28.5公里<br />\r\n【2010-5-29】大海坨村-鞍部-大海坨-石佛寺-香峰-玉皇庙<br />\r\n【2010-5-23】大海坨村-鞍部-大海坨-小海坨-西大庄科<br />\r\n【2010-5-8】白虎涧-凤凰岭-阳台山-妙峰山-涧沟-萝拔地-大觉寺<br />\r\n【2010-5-3】大觉寺-萝拔地-北尖-阳台山-大风口-凤凰岭南线<br />\r\n【2010-4-24】大觉寺-鹫峰-萝拔地-妙峰古道-大觉寺<br />\r\n【2010-4-10】王平-瓜草地-风口庵-雷达站-冯村<br />\r\n【2010-4-4】圈门-风口庵-小狗之家-圈门<br />\r\n【2008/10/25】香山-八大处<br />\r\n【2008/07/14】王平村-道须-南港-九龙山-圈门<br />\r\n【2008/06/28】王平镇-牛角岭<br />\r\n【2008/6/7~6/14】凤凰-张家界<br />\r\n【2008/5/31】大觉寺-罗拔地-阳台山-凤凰岭<br />\r\n【2008/5/17】妙峰山-罗拔地-鹫峰-大觉寺<br />\r\n【2008/5/10】落坡岭-清水涧-王平-牛角岭<br />\r\n【2008/5/2】王平-圈门<br />\r\n【2008/4/19】十三陵<br />\r\n【2008/4/12】大觉寺-妙峰山<br />\r\n【2008/4/6】大觉寺-阳台山<br />\r\n【2008/3/15】圈门-潭柘寺<br />\r\n【2008/3/8】三家店-新望京楼-四棵树-太舟坞<br />\r\n【2008/3/1】水闸-圈门</p>\r\n\r\n<p>著名的&ldquo;香巴拉&rdquo;盘山防火道</p>\r\n\r\n<p><img alt=\"\" src=\"/static/media/uploads/Richard/2015/12/10/43220288.png\" style=\"height:291px; width:435px\" /></p>\r\n\r\n<p>北京的山，都是记忆</p>\r\n\r\n<p><img alt=\"\" src=\"/static/media/uploads/Richard/2015/12/10/43220294.png\" style=\"height:288px; width:437px\" /></p>\r\n\r\n<p>&nbsp;</p>\r\n\r\n<p><a href=\"http://www.sunorth.org/blog/14/\">http://www.sunorth.org/blog/14/</a></p>\r\n','2015-12-10 06:59:48',1,'zh-cn'),(42,'Whistler ，唉！','滑雪','<p>几年了都没有合适时间到whistler滑雪，这周总算去了一把，可是。。。</p>\r\n\r\n<p>总是不相信天气预报，可是这次还真准，唯有这个周末温哥华风暴警告，whister 大雪警告。周五，周六都是好天气，我很无奈！</p>\r\n\r\n<p>不打算第一天滑雪，早上也就不急，磨蹭到11点多才从温哥华出发，一路顶着中雨在心有余悸的sea to sky上行驶，真 是不愿意走这条路，太有压力了，总是被后车紧跟着，直到双车道才会松一口气。</p>\r\n\r\n<p>第一站先到Squamish，雨天上不了Gondola，于是去看下瀑布 Shannon Falls，好大的水，比去年夏天看到的更壮观。<img alt=\"\" src=\"/static/media/uploads/Richard/2015/12/14/img_20151212_132414300_hdr.jpg\" style=\"height:3264px; width:1836px\" /></p>\r\n\r\n<p>这里有几条好多hiking线路，明年夏天再来了。</p>\r\n\r\n<p>本来还想去Rice Lake转一圈，上次错过了，这次进去了，但没看到湖，那就直奔宾馆了。</p>\r\n\r\n<p>过了Squamish 没多久就发现挡风玻璃上不再是雨点了，变成了雪花，越开雪花越多，不一会儿发现路边都白了，有一种穿越的感觉，从夏天开到了冬天。 进入Whistler雪已经很厚了，看时间还稍早，于是打算开车到半山腰的一个小孩子玩的地方看看，这个犹豫的决定真是太错了，上山的路雪花很大，小心翼翼地开着，就在一个拐弯处，从侧面被一辆车撞到路边，力度倒是不是很大，当时就蒙了，下了车不知道该干嘛了，于是外甥打电话给911，不一会儿来了警察，把情况都记录了下来。<img alt=\"\" src=\"/static/media/uploads/Richard/2015/12/14/mmexport1450065877232.jpg\" /></p>\r\n\r\n<p>这个郁闷！直接开车去酒店吧，一路上真是不敢开了，几乎20～30公里的速度去的。 这不禁让我想起几年前在北京的一次滑雪，那天很冷，到了八达岭滑雪场，进去一看简直就是冰场，于是上去滑下来一趟就打算回去了，何曾想，刚滑下来就被人撞到并连带把另一个人撞倒了，寸的是另一人骨折了，唉！这一个冬天不再滑雪了。&nbsp;</p>\r\n\r\n<p>所以人真的需要一些判断，并及时做一些正确的决定。撞车后加上会酒店路上情景，真想直接掉头回家了，毫无心情再滑雪了。</p>\r\n\r\n<p>但既来之则安之了。</p>\r\n\r\n<p>&nbsp;</p>\r\n\r\n<p>早上起来从房间看对面的山，好像第一次看这样的雪景，虽然小时候也有很多雪，但那是寒风凛冽的雪，不同。</p>\r\n\r\n<p><img alt=\"\" src=\"/static/media/uploads/Richard/2015/12/14/img_20151213_080649447.jpg\" style=\"height:1836px; width:3264px\" /></p>\r\n\r\n<p>这号称世界滑雪胜地，雪还真是很好，雪道设计的也比较好，能充分体会那种刺激。 终于不用把大部分时间花在等lift上了。</p>\r\n\r\n<p><img alt=\"\" src=\"/static/media/uploads/Richard/2015/12/14/img_20151213_120525835.jpg\" style=\"height:1836px; width:3264px\" /></p>\r\n\r\n<p><img alt=\"\" src=\"/static/media/uploads/Richard/2015/12/14/img_20151213_134040780.jpg\" style=\"height:1836px; width:3264px\" /></p>\r\n\r\n<p>小结：</p>\r\n\r\n<ul>\r\n	<li>带厨房的suite 真好，什么都有，下次什么都不用带了</li>\r\n	<li>lift, rental, sightseeing 票一定提前买，至少三天</li>\r\n	<li>雪具最好在酒店取，省时间。早上等雪具就等了半个小时，不知道那位小姐究竟在试什么，而那位工作人员又何其有耐心，无奈！</li>\r\n	<li>酒店checkout后也可以把车放在那里</li>\r\n	<li>雪道上半部分好，所以可以从peak滑到半山腰，然后乘lift回到peak，最后再滑到山低下</li>\r\n	<li>还有什么？想不起来了</li>\r\n</ul>\r\n\r\n<p>&nbsp;</p>\r\n','2015-12-14 04:47:08',1,'zh-cn'),(43,'羊未到，篝火先','篝火','<p>本来计划周末烤全羊呢，可是羊因故缺席，只好临时改为烧烤。分别准备了羊排，鸡翅，牛肉，鱼，蘑菇还有小朋友喜欢的棉花糖。</p>\r\n\r\n<p>周日的早上天是晴的，还以天气预报不准，期待着下午是个好天气，不过预报雨天还是挺准的，过了中午阴云就慢慢上来了。既然我们的风格是风雨无阻，也就无所谓了。</p>\r\n\r\n<p>想到一周没怎么运动了，于是就徒步从家里走到了河边，～13km，一个多小时，竟然人都还没到，其实Jack已经早早到了，只是没看见。</p>\r\n\r\n<p>河边已经有好多人燃起了篝火。在这样一个阴雨的天气，围着篝火，喝点茶，聊个天，其实不失为一个享受，小孩子也可以玩水烤火烤棉花糖。有的人可能来的早，赶着晴天，慢慢有的就撤了。陆续人马到期，点火。经验不足，准备不充分，把我所有的fire starter都用完了，柴火还是没有烧起来因为柴太新鲜了，而且劈的不够小。后来Simon的干柴还是最终把火堆燃起来了，这才是想要的效果！一直担心如果下雨怎么办，还好一个下午基本就没下，虽然没有享受到阳光，但热茶和篝火已经是好的开始。</p>\r\n\r\n<p>Youna做的牛肉味道不错，Martin的羊排，烤的虽然有点糊，但味道很好，下次就知道了，先切一下就好了。</p>\r\n\r\n<p>营地的饮水已经关了，所以虽然带了一桶水，还是不够，下次要多带一些。 锡纸和刀没带是这次的失误。看着那熊熊的篝火，突然觉得搞一锅羊汤会更好，于是下一次活动就有了安排！</p>\r\n\r\n<p><img alt=\"\" src=\"/static/media/uploads/Richard/2015/12/21/58509910563082220.jpg\" style=\"height:960px; width:1280px\" /></p>\r\n','2015-12-21 18:49:14',1,'zh-cn'),(44,'Boxing Day 补充装备','装备','<p>又到一年购物季，也趁机补充一下装备。</p>\r\n\r\n<p>对我来说最费的就是鞋了，目前有的鞋基本都是鞋底磨漏，这次要补充一个好的鞋底，传说中的V底，希望能穿的久一些。</p>\r\n\r\n<p><img alt=\"\" src=\"/static/media/uploads/Richard/2015/12/27/5040-175_cha30_view1_720x720.jpg\" style=\"height:400px; width:400px\" /></p>\r\n\r\n<p>一直在寻找一个能在篝火上用的锅，后来才发现Dutch Oven(CAMP CHEF)才是我想要的，生铁的，早上正好发现Canadian Tire有一款，大小价格都可以。(9 1/3 quart 12&#39;&#39; 8.8L 30cm)</p>\r\n\r\n<p>Knowledge: advantages of cast iron : even heating,superior heat retention and durability. Cast iron can develop a natural non-stick surfact (or &quot;Patina&quot;) the more it is used. This process is callled &quot;seasoning&quot;</p>\r\n\r\n<p><img alt=\"\" src=\"/static/media/uploads/Richard/2015/12/27/download.png\" style=\"height:511px; width:473px\" /></p>\r\n\r\n<p>逛MEC正好看到一个jacket 适合夏天sailing的时候穿，很薄，夏天穿不会太热，5折。</p>\r\n\r\n<p>&nbsp;</p>\r\n','2015-12-27 02:03:46',1,'zh-cn'),(45,'回望 2015  时间过得太快','回忆','<p>时间好像越来越快了，不知不觉这一年就过去了，印象中才刚从国内回来，其实已经马上一年了，都来不及去回想。小的时候总是盼望早点长大，可是现在却希望时光过得慢一点。可能是欲望太多了吧，时间本来都是一样的。&nbsp;</p>\r\n\r\n<p>用最近看到的书名来总结，&ldquo;一切都是最好的安排&rdquo; -加措</p>\r\n\r\n<p>&nbsp;</p>\r\n\r\n<p>这一年户外活动搞得有点少，都忙活杂事了。&nbsp;</p>\r\n\r\n<p>Camping &nbsp;第一次去Sunshine coast 和 EC Manning Park</p>\r\n\r\n<p>Skiing &nbsp;第一次去Whistler，还第一次出了事故</p>\r\n\r\n<p>Sailing 和老师出了几次海，体验了24&lsquo; 扬帆的感觉。</p>\r\n\r\n<p>哦！还体验了一次rowing， 明年要真正把这一项运动武装起来。</p>\r\n\r\n<p>&nbsp;</p>\r\n\r\n<p>展望 2016&nbsp;</p>\r\n\r\n<p>晋级 trek线路，扩大hiking 版图</p>\r\n\r\n<p>巩固提高Sailing 技术，希望能出一次远行</p>\r\n\r\n<p>Rowing 作为常规运动。</p>\r\n\r\n<p>&nbsp;</p>\r\n\r\n<p>&nbsp;</p>\r\n','2016-01-01 00:48:10',1,'zh-cn'),(46,'烤羊腿，喝羊汤，新年伊始','聚会','<p>这个羊汤从2015一直期待到2016，终于还是喝上了，虽然味道没有期望的那么好，但乐趣大于口感。</p>\r\n\r\n<p>今天的计划本来是先Hiking 10KM 然后开火，可是由于昨天没有准备充分，早上忙活了一早出发晚了，导致hiking不怎么尽兴，不过路上景色真的很美，想着明早再走一趟。 Hiking半路就折返回来了，柴火也烧了差不多了，还好有后援，赶紧架锅烧水。羊腿一直没想明白应该怎么搞，最后大家一起搭了个架子，把羊腿吊起来算是开烤，可是烤了半天似乎没有效果，眼看要天黑了，这羊肉还没吃上，于是改变策略，把羊腿横绑在木棍子上，两个人抬着烤，还好效果显著。此时羊汤也沸腾了好久，赶紧加萝卜调料等，趁天黑赶紧喝一碗热汤。可能是熬的时间不够？总之没有想象的味道，也许这里的羊跟国内不一样？下次应该试试羊杂或许好点？总之需要不断的试，经验就是这样来的嘛。</p>\r\n\r\n<p>每次活动都搞得好忙碌，都没有时间好好坐下来聊聊天，喝喝茶，本来计划的好好的，净忙活了。</p>\r\n\r\n<p><img alt=\"\" src=\"/static/media/uploads/Richard/2016/01/03/img_20160102_141459252.jpg\" /></p>\r\n\r\n<p>最近一直好天气，气温低，所以每天都是大雾，也见识了在东北都不曾见过的雾凇，甚是好看。</p>\r\n\r\n<p><img alt=\"\" src=\"/static/media/uploads/Richard/2016/01/03/img_20160102_115235429.jpg\" style=\"height:1836px; width:3264px\" /></p>\r\n\r\n<p>这一景宛如仙境，若隐若现</p>\r\n\r\n<p><img alt=\"\" src=\"/static/media/uploads/Richard/2016/01/03/img_20160102_124434711.jpg\" style=\"height:1836px; width:3264px\" /></p>\r\n\r\n<p><img alt=\"\" src=\"/static/media/uploads/Richard/2016/01/03/img_20160102_125745553.jpg\" style=\"height:1836px; width:3264px\" /></p>\r\n\r\n<p>最喜欢这一张，静的那么美。</p>\r\n\r\n<p><img alt=\"\" src=\"/static/media/uploads/Richard/2016/01/03/img_20160102_130255383.jpg\" /></p>\r\n','2016-01-03 02:30:36',1,'zh-cn'),(47,'2016 启航 English Bay','sailing','<p>转眼半年没有sailing了，这个周末好天气，跟John约在Spruce Harbour Marina。 之前试图重温整个Rigging过程，不过还是有好多想不起来了，比如名字，步骤等，只好让John再重新演示一遍给我看。Sailing除了知识性的东西，其实更多的是经验，每个sailer有不同的sailing方式和判断，而这些东西也只能在亲自操作的过程中才能体会得到。风向的识别，jib和sail的角度松紧以及如何看telltale。虽然跟John出过几次，但还是很多不确定，只有慢慢的体会了。</p>\r\n\r\n<p>&nbsp;</p>\r\n\r\n<p>天气真的很好，水面安静的让我怀疑帆能否扬起来</p>\r\n\r\n<p><img alt=\"\" src=\"/static/media/uploads/Richard/2016/01/10/img_20160109_115124625.jpg\" style=\"height:2448px; width:3264px\" /></p>\r\n\r\n<p>启航<img alt=\"\" src=\"/static/media/uploads/Richard/2016/01/10/img_20160109_124250690.jpg\" style=\"height:2448px; width:3264px\" /></p>\r\n\r\n<p>随着向外海驶去，风也慢慢的大了些，基本上在 4～5knots?&nbsp;今天这片海独属我们。<img alt=\"\" src=\"/static/media/uploads/Richard/2016/01/10/img_20160109_151739711.jpg\" /></p>\r\n','2016-01-10 02:59:53',1,'zh-cn'),(48,'吃好，喝好','篝火','<p>上次烤羊腿由于没经验，觉得没有尽兴，于是在这个周末再弄一个。为此专门讨论并设计了一个专属羊腿烤架，从横杆材料选择到竖架的结构还是下了一番功夫的。另外对羊汤也进行了改良，上次只用的羊肉，没喝出来味道，这次特意O2O了一些羊杂，才品味到那羊杂汤原有的味道，这一道菜将成为保留菜品。</p>\r\n\r\n<p>也许是架子设计的比较好，这次羊腿烤的很成功，吸取经验边烤边吃，保证羊肉没烤过头。地瓜这次放在架子上烤所以没有成碳，羊肉串由于没盐稍显味道不够，猪排盐的很入味很好，猪肚鸡汤很开胃，还有鸡翅。唉！全是肉，所以这次的教训就是一定要荤素搭配才好。</p>\r\n\r\n<p>专利设计</p>\r\n\r\n<p><img alt=\"\" src=\"/static/media/uploads/Richard/2016/01/24/mmexport1453602359523.jpg\" style=\"height:960px; width:1280px\" /></p>\r\n\r\n<p>&nbsp;</p>\r\n\r\n<p>这位帮主很虔诚<img alt=\"\" src=\"/static/media/uploads/Richard/2016/01/24/mmexport1453654674129.jpg\" style=\"height:1280px; width:960px\" /></p>\r\n\r\n<p>&nbsp;</p>\r\n\r\n<p>队伍在壮大</p>\r\n\r\n<p><img alt=\"\" src=\"/static/media/uploads/Richard/2016/01/24/mmexport1453602340741.jpg\" style=\"height:960px; width:1280px\" /></p>\r\n','2016-01-24 16:12:43',1,'zh-cn'),(49,'【装备】好东西要分享','装备','<p>最近发现两个比较酷的户外装备，准备入手：</p>\r\n\r\n<p>1. Silverfire Scout Stove</p>\r\n\r\n<p><img src=\"http://www.silverfire.us/shop/wpimages/img-2065-copy.jpg\" /></p>\r\n\r\n<p>这个炉子不许要燃气，随便在野外找点树枝就可以煮一锅饭，基于特殊的设计，燃烧效率非常高而且没有烟</p>\r\n\r\n<p>特点：轻便，经济，环保</p>\r\n\r\n<p>Youtube review 视频：<a href=\"http:// https://www.youtube.com/watch?v=gcHQNc2Fqfk\">http://&nbsp;https://www.youtube.com/watch?v=gcHQNc2Fqfk</a></p>\r\n\r\n<p>&nbsp;</p>\r\n\r\n<p>2.&nbsp;THERMOELECTRIC Power GENERATOR</p>\r\n\r\n<p>这是一个将热能转化为电能的设备，只要加热这个装备就可以给手机电器充电，相比太阳能更实用，特别在温哥华冬天多雨的季节更是有用，然后结合上面的炉子，简直是完美组合。</p>\r\n\r\n<p><img alt=\"TG12-6-02\" src=\"http://www.marlow.com/media/catalog/product/cache/1/image/420x487/9df78eab33525d08d6e5fb8d27136e95/t/g/tg12-6.png\" /></p>\r\n\r\n<p>官方网站：&nbsp;<a href=\"http://www.marlow.com/power-generators/standard-generators/tg12-6-02.html\">http://www.marlow.com/power-generators/standard-generators/tg12-6-02.html</a></p>\r\n\r\n<p>Youtube 视频：&nbsp;<a href=\"https://www.youtube.com/watch?v=yNDxkXVjRFU\">https://www.youtube.com/watch?v=yNDxkXVjRFU</a></p>\r\n','2016-02-02 17:46:29',1,'zh-cn'),(50,'Start Rowing ','rowing','<p>一直没搞清楚如何翻译rowing，&ldquo;赛艇&rdquo; 总感觉不合适。 转眼这个冬季要过去了，如约开始原先计划的rowing，不仅仅是尝试一项新的运动，更主要这项运动可以在离家很近的地方进行。&nbsp;</p>\r\n\r\n<p>之前跟Jim练习了两次加起来不到3个小时吧，这个运动说难不难，不过也是不断的练习的，因为需要手脚腿腰的协调，刚开始不知道如何放置两手，导致不断摩擦破了皮，完事给队友看，人说他们经历更惨烈，所以还算好的。</p>\r\n\r\n<p>相比hiking这个运动真是锻炼，从胳膊到腰到腿，全身锻炼，甚至屁股，现在还疼，下次或许带个坐垫，至少备一双手套。</p>\r\n\r\n<p>今年估计是忙碌的一年，hiking/camping/sailing/rowing 短短的夏天更显得不够了，有时候生活不能太&ldquo;丰盛&rdquo;了，忙碌起来都来不急静下心来回味。</p>\r\n\r\n<p><img alt=\"\" src=\"/static/media/uploads/Richard/2016/02/23/img_20160213_104220606.jpg\" style=\"height:2448px; width:3264px\" /></p>\r\n','2016-02-23 03:21:20',1,'zh-cn'),(51,'今年不钓螃蟹了','烧烤','<p>几周没有聚了，所以大家商量这个周六钓螃蟹，烧烤，徒步，地点还是Belcrra，因为：</p>\r\n\r\n<p>1. 大家距离适中</p>\r\n\r\n<p>2. 可以钓螃蟹</p>\r\n\r\n<p>3. 有专门picnic区域</p>\r\n\r\n<p>4. 至今唯一发现提供烧烤炉子，以及电源的park</p>\r\n\r\n<p>5.当然还有适中的hiking线路</p>\r\n\r\n<p>今天仅仅收获了两只红色的螃蟹，因为大小限制相对宽松，其他种钓上来很多，但是绝大部分都是母的，看看周围的人似乎没有发现谁钓到合格的。想来这个地方钓到人太多了，螃蟹都来不及长大，所以觉得应该像休鱼期一样，螃蟹也应该有一段时间禁止捕捞才对，今年就不钓了。</p>\r\n\r\n<p>几个小时下来没有收获，正好烧烤了，烤排骨，虾，鱼，鱿鱼，牛肉，鸡翅，地瓜，馅饼，真是太丰盛了，但是最赞的还是虾和鱿鱼，可能一直没怎么吃，烤的特别好吃，决定以后烧烤保留品目。</p>\r\n\r\n<p>吃好了，看还有时间，赶紧走一下上次没有走完的线路Admiralty Point，往返5公里多，走了一个半小时，一直沿着海边，途中几个点景色很好，终点就是Barnet。 这边的水好像很清，想着夏天到这里来游泳。</p>\r\n\r\n<p>有人说，我们美其名曰出来hiking，其实是腐败<img alt=\"laugh\" src=\"http://www.sunorth.org/static/ckeditor/ckeditor/plugins/smiley/images/teeth_smile.png\" style=\"height:23px; width:23px\" title=\"laugh\" />。 确实，每次大家一起活动都搞的很丰盛，有美景，当然也要吃好。 记得在国内的时候，周末带大家出去hiking，也会找个山头，大家坐下来分享食物，虽然不一定是美食，但在郊外什么都是好吃的，所以户外不仅能锻炼身体，增进友情，还能提高食欲呢<img alt=\"laugh\" src=\"http://www.sunorth.org/static/ckeditor/ckeditor/plugins/smiley/images/teeth_smile.png\" style=\"height:23px; width:23px\" title=\"laugh\" /></p>\r\n\r\n<p><img alt=\"\" src=\"/static/media/uploads/Richard/2016/02/28/mmexport1456713683847.jpg\" style=\"height:1280px; width:960px\" /><img alt=\"\" src=\"/static/media/uploads/Richard/2016/02/28/mmexport1456713670394.jpg\" style=\"height:1280px; width:960px\" /><img alt=\"\" src=\"/static/media/uploads/Richard/2016/02/28/mmexport1456713663798.jpg\" style=\"height:1280px; width:960px\" /><img alt=\"\" src=\"/static/media/uploads/Richard/2016/02/28/img_20160227_163110849_hdr.jpg\" style=\"height:2448px; width:3264px\" /></p>\r\n','2016-02-29 02:35:16',1,'zh-cn'),(52,'那山 再续','Hiking','<p>两个月休息腿已经硬了，虽然还不能rowing，但hiking应该没有问题，看天气不错，叫上Jack向那山出发。</p>\r\n\r\n<p>翻看地图Golden Ears附近好几条线路，选了一条短的，但能达山顶的 Evan&#39;s Peak Trail. 还没到夏季，山里人还是不多，在起点看到几个老外正好下来问是否到达山顶，说没有，因为山上还有雪，听起来不错，更期待上去看看。走在丛林中昔日的感觉又来了，呼吸着森林的气息，这就是我喜欢hiking的原因，自然！<img alt=\"\" src=\"/static/media/uploads/Richard/2016/04/24/img_20160424_151430946.jpg\" /> 一路山跟Jack聊天哪知错过了岔口，走到下一个岔口，发现不对劲，因为前面路越来越小了，回头一看，哦！这里，继续前行。 注：又错过了计划的路口<img alt=\"\" src=\"/static/media/uploads/Richard/2016/04/24/img_20160424_162020458.jpg\" style=\"height:1836px; width:3264px\" />。 走着走着到了一个河边，怎么看着眼熟啊！<img alt=\"\" src=\"/static/media/uploads/Richard/2016/04/24/img_20160424_162854895.jpg\" />刚次就从这里过来的，倒！又转回来了！不行！返回！聊着天又回到了刚才的岔口。（注：又没注意计划中的岔口）原地查看google地图，似乎偏离了trail，但是确实是在trail上当时，怀疑google地图有问题，Jack上去探探路，一会没影了，喊也没有回音，这挺可怕的，在这种森林里如果走丢了，可麻烦了，还好一会他从后头喊来，找到了应该去的岔口，回头一看原来树上有一个牌子标识着，只是只顾着聊天，前后三次经过都没看到。</p>\r\n\r\n<p>沿着一路标识往上爬，路小了好多，明显走的人不多，接下来基本都是上升，越走越陡，半个小时后没有任何到顶的意思，查看地图GPS显示似乎还有一半的路程，看来没戏了，今天来的比较晚，到顶估计天都黑了，安全起见，走到4点，然后原路返回。有些遗憾，本想看到雪至少，下次了，到顶。</p>\r\n\r\n<p>很快回到停车场，看时间还早就又到了Alouette Lake 溜达一下，清清的湖水，夏天过来游泳了。<img alt=\"\" src=\"/static/media/uploads/Richard/2016/04/24/img_20160424_171301284_hdr.jpg\" style=\"height:1836px; width:3264px\" /></p>\r\n','2016-04-25 02:41:47',1,'zh-cn'),(53,'去年的承诺','camping','<p>去年某人在Minning Park未能如愿camping，于是早早计划今年的camping。一个月前预订了Cultus Lake campsite。 因为距离近这个点向来很热门，还好今年赶上了。&nbsp;<a href=\"http://www.sunorth.org/activity/23/\">http://www.sunorth.org/activity/23/</a></p>\r\n\r\n<p>下午baseball完事，驱车1个小时到达营地，发现营地有人，难道走错了，核实后才知道对方没有reserve就用了营地，告知离开，开始点火烧烤。搭帐篷才发现有人竟然人来，帐篷没来，于是折返回家取，来回两个小时<img alt=\"laugh\" src=\"http://www.sunorth.org/static/ckeditor/ckeditor/plugins/smiley/images/teeth_smile.png\" style=\"height:23px; width:23px\" title=\"laugh\" />。</p>\r\n\r\n<p>这次吃的没有计划好，带的东西太多了，3个西瓜，若干鸡翅和猪排，可能是多了的缘故，小鱼也感觉不是原来的味道，烤虾也不是上次的效果。总之这次的BBQ有些失败，一下午净是忙活吃的和搭帐篷了，都没有时间大家做下来好好的聊天。下次争取都带一些现成的东西，这样大家可以有足够的时间围着篝火聊天。</p>\r\n\r\n<p>早早准备的帐篷，真够的大的，没两个人搞不定。这个营地真不错，有热水，有shower，不用黑灯瞎火上厕所。</p>\r\n\r\n<p><img alt=\"\" src=\"/static/media/uploads/Richard/2016/05/15/img_20160515_081833265.jpg\" style=\"height:1836px; width:3264px\" /></p>\r\n\r\n<p>BBQ后，傍晚来到湖边，景色依旧那么的美，虽然有些疲劳，但山水的钟情始终未变。水不凉，不过游泳还是差一点。<img alt=\"\" src=\"/static/media/uploads/Richard/2016/05/15/img_20160514_195427229.jpg\" style=\"height:1836px; width:3264px\" /></p>\r\n\r\n<p>篝火点的有点晚，带烤地瓜熟了已经十一点左右。 虽然白天阴天了，气温也下降了，可以没有想象中的那么冷，甚至半夜小孩子都出汗了。两个一岁的娃把大人折腾的够可以，结果是一个提前回家，没有hiking，另一个回到家就补觉。虽然定的营地靠近马路还有大门，还好半夜里很安静，只是快天亮的时候大约4点，鸟开始叫，而且越来越多，几乎之后就没怎么睡好。小鸟们真够勤的。</p>\r\n\r\n<p><img alt=\"\" src=\"/static/media/uploads/Richard/2016/05/16/img_20160514_213539517.jpg\" style=\"height:1836px; width:3264px\" /></p>\r\n\r\n<p>早餐，油煎小馒头没想到那么的好吃，本来计划的方便面没有了市场，争取下次还预订这一餐</p>\r\n\r\n<p><img alt=\"\" src=\"/static/media/uploads/Richard/2016/05/15/img_20160515_081704126.jpg\" style=\"height:1836px; width:3264px\" /></p>\r\n\r\n<p>一上午搞吃的，收拾帐篷，完事了开始hiking。 2.4KM 单程，很平缓的trail，最喜欢这种羊肠小道的感觉，置身于森林之中，幻想着突然一只恐龙跳出来。</p>\r\n\r\n<p><img alt=\"\" src=\"/static/media/uploads/Richard/2016/05/15/img_20160515_115014765_hdr.jpg\" style=\"height:3264px; width:1836px\" /></p>\r\n\r\n<p>目的地一个小溪，前路未尽，只是觉得差不多了，于是折返，很不错的天气，不错的强度。</p>\r\n\r\n<p><img alt=\"\" src=\"/static/media/uploads/Richard/2016/05/15/img_20160515_120046064.jpg\" /></p>\r\n\r\n<p><img alt=\"\" src=\"/static/media/uploads/Richard/2016/05/17/img_20160515_115754291.jpg\" /></p>\r\n','2016-05-16 02:18:11',1,'zh-cn'),(54,'有多远，走多远','trail','<p>只有迈出脚步才知道路有多远。</p>\r\n\r\n<p>&nbsp;</p>\r\n\r\n<p>从香巴拉到海陀</p>\r\n\r\n<p>从小五到太白</p>\r\n\r\n<p>从稻城到川藏</p>\r\n\r\n<p>从WST 到 John Muir 到 Appalachian</p>\r\n\r\n<p>从未停止</p>\r\n\r\n<p>一直在路上</p>\r\n\r\n<p>&nbsp;</p>\r\n\r\n<p><img alt=\"\" src=\"/static/media/uploads/Richard/2016/06/15/img_20160615_084552439.jpg\" /></p>\r\n','2016-06-15 15:54:12',1,'zh-cn'),(55,'First Peak, made it, but...','camping','<p>三年的等待终于如愿，但是并没有感受到Alice Lake的特别，不明白为什么这里会那么受欢迎，年初很快就被预订一空，可能是因为它的地理位置比较方便？</p>\r\n\r\n<p>D1 - Alice Lake</p>\r\n\r\n<p>因为有baseball比赛，傍晚才到达营地。帐篷没搭就赶紧埋锅造饭。说好了这次只带现成的，大家可以有时间坐下来好好的聊聊天，可有人还是现买了个烧烤炉子，费了半天劲才把它装起来，这才大家围坐在火堆聊天，吃着烧鸡，喝着啤酒好不惬意，只是蚊子太多了。这次是买的柴火，烧起来的效果真是不同，感觉很好，只是时间太短了，一会儿就10点多了，看着四下安安静静，也不好聊得太晚，而且帐篷还没搭呢，赶紧回去搭帐篷睡觉了。</p>\r\n\r\n<p>&nbsp;</p>\r\n\r\n<p>D2- Stump Lake and&nbsp;&nbsp;Stawamus Chief</p>\r\n\r\n<p>晚上不冷也不像上次那么热，只是防潮垫可能还是太薄了，总是感觉后背凉，没怎么睡好，天蒙蒙亮就醒了。小家伙们也起的很早，6点多带着他们去湖边，四周安安静静，伴着鸟鸣，早晨显得格外清新。这个Alice Lake实在太小，半个小时不到就转了一圈。</p>\r\n\r\n<p>早饭依旧是钟爱的油煎小馒头，加上碗面。收拾妥当打包行囊。</p>\r\n\r\n<p>Alice Lake 周边有4个湖，都不太大，有一个约5km的trail可以走完，下一站去旁边的Stump Lake转转，隐藏在森林里，没什么特别的，不过途中拐了一下去了附近的Cheekye River，小朋友玩的很开心，往水里扔石头是永远的乐趣，风景也很好，背靠雪山，拍照好地方。</p>\r\n\r\n<p>下一站，sea to summit。 这一天的主要行程，这个trail有三个peak，只去了first peak。虽然没有grouse grind 长，但比它陡很多，险很多，前段木楼梯加上石头台阶，几步就让你气喘吁吁，有放弃的感觉，还好整个线路都是在树荫下，山泉边上，这也是整个温哥华徒步最喜欢的地方，不会因为嗮而煎熬，就看体力如何。很久没有这么痛快的流汗了，也很久没有徒步中喝那么多水，所以觉得以后应该多走些这样的线路，可以多排排汗。最难的是接近peak的一段，只能爬上去，真的需要用手来爬，一段还需要锁链支持，到达山顶绝对所值，360度风景尽收眼底，只想坐在那里静静的发呆，后来和Jack讨论是否可以camping在那里，晚上仰望星空，肯定很不错，但要想好会不会半夜滚到山下，因为整个山顶就是一块大石头，一边是悬崖，一遍是斜坡，不小心掉地一个葡萄粒，就瞬间滚下了山，所以难以想象如果不小心摔倒了会是什么后果，后怕！还是感觉下山吧，天也不早了，改天再约了！</p>\r\n\r\n<p>&nbsp;</p>\r\n\r\n<p>静静的早晨，静静的Alice Lake</p>\r\n\r\n<p><img alt=\"\" src=\"/static/media/uploads/Richard/2016/06/27/img_20160626_073612232_hdr.jpg\" /></p>\r\n\r\n<p>悠闲的Canada Goose 沐浴在早晨</p>\r\n\r\n<p><img alt=\"\" src=\"/static/media/uploads/Richard/2016/06/27/img_20160626_071146555.jpg\" style=\"height:1836px; width:3264px\" /></p>\r\n\r\n<p>&nbsp;</p>\r\n\r\n<p>早餐<img alt=\"\" src=\"/static/media/uploads/Richard/2016/06/27/img_20160626_085825447.jpg\" style=\"height:1836px; width:3264px\" /></p>\r\n\r\n<p>&nbsp;</p>\r\n\r\n<p>大河，远山<img alt=\"\" src=\"/static/media/uploads/Richard/2016/06/28/img_20160626_114501800_hdr.jpg\" /></p>\r\n\r\n<p>&nbsp;</p>\r\n\r\n<p>势<img alt=\"\" src=\"/static/media/uploads/Richard/2016/06/28/img_20160626_164240305.jpg\" /></p>\r\n\r\n<p>&nbsp;</p>\r\n\r\n<p>之巅<img alt=\"\" src=\"/static/media/uploads/Richard/2016/06/27/img_20160626_165706705.jpg\" style=\"height:1836px; width:3264px\" /></p>\r\n\r\n<p>View</p>\r\n\r\n<p><img alt=\"\" src=\"/static/media/uploads/Richard/2016/06/28/img_20160626_170005484.jpg\" style=\"height:408px; width:2528px\" /></p>\r\n\r\n<p>Second Peak ， next time<img alt=\"\" src=\"/static/media/uploads/Richard/2016/06/28/img_20160626_165815067.jpg\" style=\"height:1836px; width:3264px\" /></p>\r\n','2016-06-27 15:09:44',1,'zh-cn'),(56,'晋级hiking','hiking','<p>15KM round-trip</p>\r\n\r\n<p>&nbsp;6 hours &nbsp;(10:30am ~ 4:30pm)</p>\r\n\r\n<p>Norvan Falls</p>\r\n\r\n<p>Cananda Day</p>\r\n\r\n<p><img alt=\"\" src=\"/static/media/uploads/Richard/2016/07/02/img_20160701_110130023_hdr.jpg\" style=\"height:1836px; width:3264px\" /></p>\r\n\r\n<p><img alt=\"\" src=\"/static/media/uploads/Richard/2016/07/02/img_20160701_113101871_hdr.jpg\" /></p>\r\n\r\n<p><img alt=\"\" src=\"/static/media/uploads/Richard/2016/07/02/img_20160701_133319758.jpg\" style=\"height:3264px; width:1836px\" /></p>\r\n\r\n<p><img alt=\"\" src=\"/static/media/uploads/Richard/2016/07/02/img_20160701_132908016_hdr.jpg\" /></p>\r\n\r\n<p><img alt=\"\" src=\"/static/media/uploads/Richard/2016/07/02/img_20160701_124953748.jpg\" style=\"height:1836px; width:3264px\" /></p>\r\n','2016-07-02 14:14:07',1,'zh-cn'),(57,'小水手首航','sailing','<p>歇了大半年没有出海了，这个周末没有特别的计划，于是约上John带上儿子扬帆出海。刚开始兴致勃勃，一切可能都是好奇，总是催促什么时候扬帆，可是真正乘风启航没多久，就蔫了，不知道是因为先有点晕船还是先感觉没意思了，总之半天没精打采，本来准备好多玩具也没有玩，安静的呆在那里，不时问什么时候回去，看着好可怜，于是跟他聊天，聊他最喜欢的ninjago，这下来精神了。</p>\r\n\r\n<p>启航的时候风力大约10 knots，很适合sailing</p>\r\n\r\n<p><img alt=\"\" src=\"/static/media/uploads/Richard/2016/07/11/img_20160710_125038698_hdr.jpg\" /></p>\r\n\r\n<p>天气很好，海上船很多，特别是UBC sailing club &nbsp;的&nbsp;<img alt=\"\" src=\"/static/media/uploads/Richard/2016/07/11/img_20160710_133005452.jpg\" style=\"height:1836px; width:3264px\" /></p>\r\n\r\n<p><img alt=\"\" src=\"/static/media/uploads/Richard/2016/07/11/img_20160710_133018331.jpg\" /></p>\r\n\r\n<p>&nbsp;</p>\r\n','2016-07-11 06:05:57',1,'zh-cn'),(58,'柳暗花明又一村','camping','<p>昨天早上起来天下起了雨，有些担心是否能按计划去camping，一想从来还没有雨中camping的体验，于是觉得无论风雨都按计划去。10点多天亮了好些，似乎要转晴的感觉，于是按时出发了。</p>\r\n\r\n<p>在高速入口，看到一个人招手搭车，于是下意识停了下来，那个人要往东走，顺路于是就让他上了车，这还是第一次搭别人。路上了解，他在温哥华已经待了3个月，之前跟妻子一起来的，后来找不到她了，他一个人回多伦多，大概听懂了他的经历，不过还是不太明白前后逻辑，不管怎样，看样子还算可靠，经过Chilliwack给他买了午餐，最后把他放在exit 135 ，希望他一路顺利了。</p>\r\n\r\n<p>继续前往和Jack约定的Harison Lake地点，这天是个音乐节，很多人，没地方停车，于是又约好在campsite会面。 直接驱车前往 Hicks Lake。 刚入park就见提示campsite full，心想不妙，但还是不死心，进去碰碰运气了，到了营地，在里面兜了一圈，确实没地方了，人很多，真想不到这么远的地方还这么热门，有些失望，不过既然来了，至少找个地方picnic 再回去了。</p>\r\n\r\n<p>待Jack来后一起驱车下一个deer lake，这里本来就没指望会有空闲的campsite，因为之前网上查看只有一个campsite 可以FCFS，还是进去兜了一圈，也是无望而出了，于是决定在day use area 烧烤喝茶，不能白来了。 停车，搬东西，天是阴的，湖边几个桌子，几乎没人，就算我们的专场了。东西搬下来发现满地是臭臭，好像是鹅的，就像踩地雷一样无处不在，Anyway 继续烧烤，喝茶，聊天 待了一下午，很是惬意，天气也很舒适，不冷不热。</p>\r\n\r\n<p>期间带孩子去湖边玩了一会儿，对了，还看到一条蛇。 途中发现一片空地，看有人在那里搭起了帐篷，心想可以不可以晚上在这里凑合一下，不过还是自己否决了，怎么可以呢，不能随便扎营，可是临走之前还是不死心，于是前去探探，发现似乎是个营地，因为有篝火炉子，而且很多帐篷，于是就问了一下一位边上的美女，还真是营地，那种walkin的，幸运的是还有3个位置没有人，赶紧和Jack收拾东西驱车来到上面的停车场，这个营地这是太隐蔽了，之前经过这里只是没注意，太高兴了，真是山穷水尽已无路，柳暗花明又一村。老天太给面子了，而且这个营地与之前的完全不同，一个开阔的地方，大片绿地，很是惬意感觉。赶紧搬东西，点火，沏茶。。。 这一次camping突然变得是最好的一次，有充足的时间relax，感受这份自然。 第一次真正好好的围着篝火聊到很晚，很舒服，很生活。</p>\r\n\r\n<p>一晚除了旁边的小babay半夜哭个不停，还算睡的可以，4点多小鸟就开始唱歌了，天也微亮了，出来上了趟厕所，外面还是挺凉的，草上全是露水。</p>\r\n\r\n<p>早上起来发现帐篷里有一只蚊子，不过一晚上没咬我们，万幸，一巴掌给拍死了。</p>\r\n\r\n<p>7点多穿衣起来，不想大好的清晨浪费在睡觉上，继续点上篝火，坐在椅子上晒着太阳，这就是现在的追求吧，除了呼吸新鲜的空气，什么都不想。</p>\r\n\r\n<p>10点打包行李，checkout。 真的还想多待一会儿，下次一定还来，这里感觉像世外桃源一样。</p>\r\n\r\n<p>11点到了Harison Lake 在湖边让小孩玩了两个小时，这个周末是音乐节，所以人很多，很多小朋友在水里玩，下次如果天好可以让他们在水里游泳或者玩水上乐园。</p>\r\n\r\n<p>2点多驱车前往回程路上一个瀑布Bridal Falls，想着把剩下的食物消化了再顺便看看瀑布，没想到人还挺多，停车继续把昨天没有烤完的鸡翅烤完，周围好像只有我们架起了烤炉，有些不好意思，时不时有人从旁边经过，其中一个老外开玩笑，说这是什么时间的晚餐。 处理残余，填饱肚子，天也开始变暗了，似乎要下雨，而且开始打雷了，犹豫要不要去看瀑布，15分钟路程，既然来了，就速去速回了。上山路上就开始落雨点了，到了瀑布，还真挺壮观的，而且可以继续爬到瀑布下面近距离观看，就在这时，雨开始下了，赶紧飞奔下撤，后来到了停车场旁边的厕所屋檐下躲雨，已然是倾盆大雨，雷电交加，说实话这几年在这里还从来没有经历这个阵势，太刺激了。</p>\r\n\r\n<p>毕竟是阵雨，一会儿稍小一点，赶紧上车返回，一路上不时瓢泼大雨，路上车很多，车速不快，追着云雨一直过了Abbotsford 雨才停了下来，回头再看 Chilliwack周边的山上阴云密布，可以想象有多大的雨。心想老天爷太给面子了，camping的时候没有下雨，临走如此送行，可以！</p>\r\n\r\n<p>&nbsp;</p>\r\n\r\n<p>Deer Lake, 最喜欢这种云山雾罩的感觉</p>\r\n\r\n<p><img alt=\"\" src=\"/static/media/uploads/Richard/2016/07/18/img_20160716_153245929_hdr.jpg\" style=\"height:1836px; width:3264px\" /></p>\r\n\r\n<p>&nbsp;</p>\r\n\r\n<p>这片开阔的营地<img alt=\"\" src=\"/static/media/uploads/Richard/2016/07/18/img_20160716_184525610.jpg\" style=\"height:1836px; width:3264px\" /></p>\r\n\r\n<p>&nbsp;</p>\r\n\r\n<p>Harison Lake&nbsp;<img alt=\"\" src=\"/static/media/uploads/Richard/2016/07/18/img_20160717_122910470.jpg\" style=\"height:1836px; width:3264px\" /></p>\r\n\r\n<p>Bradal Falls 光线太强，没照出来. 匆匆看了一眼就开始下雨了，没来得及上去，下次了。</p>\r\n\r\n<p><img alt=\"\" src=\"/static/media/uploads/Richard/2016/07/18/img_20160717_150106529.jpg\" style=\"height:3264px; width:1836px\" /></p>\r\n\r\n<p>&nbsp;</p>\r\n\r\n<p>&nbsp;</p>\r\n','2016-07-18 05:29:56',1,'zh-cn'),(59,'“奇妙”的100 天','BBQ','<p>Jack家的小baby （qimiao） 百天了，约好在Belcarra 搞个party。说实话，没搞过这样的party，没有准备的充分，只是吃了一下午<img alt=\"wink\" src=\"http://www.sunorth.org/static/ckeditor/ckeditor/plugins/smiley/images/wink_smile.png\" style=\"height:23px; width:23px\" title=\"wink\" />，也没有给主角照个照片。</p>\r\n\r\n<p>第一次这个季节来到这里，人跟预期一样，很多，幸亏来的稍早得以停车。</p>\r\n\r\n<p>螃蟹少的可怜，每次只能钓上来一只，基本都是母的</p>\r\n\r\n<p>我们搞活动是不是一定要扯个横幅，大张旗鼓？&ldquo;杭州同乡会&rdquo;，不知道为什么特别反感那种同乡会，同是中国人，&ldquo;同乡会&rdquo;是不是意味着不是老乡就排斥在外？纵然是同乡又如何？只不过是组织者一点私心而已，趁机利用人力资源为己所用，同乡能得到多少帮助？一直不想用&ldquo;中国人&rdquo;来说事，可是作为中国人，我们的确有很多问题，当我们在娱乐自己的时候是否考虑照顾一些周围人的情绪？</p>\r\n\r\n<p>不要再这个时候来了，已然没了之前的感觉，那种宁静已经荡然无存。</p>\r\n\r\n<p><a href=\"http://www.sunorth.org/static/media/gallery/2016/07/25/IMG_20160724_153034126.jpg\"><img alt=\"\" src=\"http://www.sunorth.org/static/media/gallery/2016/07/25/IMG_20160724_153034126.jpg\" style=\"height:1836px; width:3264px\" /></a></p>\r\n','2016-07-28 22:21:17',1,'zh-cn'),(60,'安安静静的坐一天','camping','<p>本来计划好的去Chiliwack Lake camping，哪知赶上长周末，人跟多，根本就没有位置。不过进去走了一圈，这个营地一般。 就在湖边玩了一会儿，湖很漂亮，人也很多，只是停车位太少。 还挺凉的，可能是因为山谷的缘故，风比较大。<img alt=\"\" src=\"/static/media/uploads/Richard/2016/07/31/img_20160730_120657048.jpg\" style=\"height:1836px; width:3264px\" /></p>\r\n\r\n<p>还没有吃东西，这个小小的沙滩挤满了人，想着还是换个地方，来的路上看不少人在河边扎营，所以开车往回走，路上经过几个离水近的地方都停满了车，最后快要出山的时候一个桥边，人似乎不多，于是停车下来看看，还不错，有空地方，而且是一个漂流比赛的河段好像，因为河面上吊着好多标杆。河水很轻，也很吵，水流比较近，找了个靠近水边的一个大树下，点起炭火开始烤鸡翅。 边烤着，喝着茶，静静的坐着看着河水，似乎这个场景盼望了好久，只是心还是没有完全的平静下来慢慢品味，总是觉得还有诸多牵挂的事情要去做。一晃一下午就过去了，难得好时光，好地点，希望下次再来了，又多了一个秘密地点。</p>\r\n\r\n<p><img alt=\"\" src=\"http://www.sunorth.org/static/media/gallery/2016/07/31/IMG_20160730_140736047.jpg\" style=\"height:1836px; width:3264px\" /></p>\r\n','2016-07-31 05:17:17',1,'zh-cn'),(62,'温哥华的另一面','hiking','<p>HSCT phase 1 探路</p>\r\n\r\n<p>没有任何准备，只是临时决定过来看一看，走了一段来到这个viewpoint，非常漂亮，值得坐一天慢慢欣赏，只是蚊子太多了，不敢久待，下次准备充分走完29KM 全程。</p>\r\n\r\n<p><img alt=\"\" src=\"http://www.sunorth.org/static/media/gallery/2016/07/31/IMG_20160731_134814939.jpg\" style=\"height:1836px; width:3264px\" /></p>\r\n\r\n<p><img alt=\"\" src=\"http://www.sunorth.org/static/media/gallery/2016/07/31/IMG_20160731_132012496_HDR.jpg\" style=\"height:1836px; width:3264px\" /></p>\r\n\r\n<p><a href=\"https://www.google.ca/maps/dir/49.4300364,-123.2072561/Cypress+Mountain/@49.4101943,-123.22332,13.75z/data=!4m9!4m8!1m0!1m5!1m1!1s0x0:0x821712a6c6d32ff3!2m2!1d-123.204545!2d49.396018!3e2?hl=en\">https://www.google.ca/maps/dir/49.4300364,-123.2072561/Cypress+Mountain/@49.4101943,-123.22332,13.75z/data=!4m9!4m8!1m0!1m5!1m1!1s0x0:0x821712a6c6d32ff3!2m2!1d-123.204545!2d49.396018!3e2?hl=en</a></p>\r\n','2016-08-01 01:56:47',1,'zh-cn'),(63,'待到山花烂漫时','camping','<p>出发前若干的不确定，不确定是否有营地，不确定花是否还在。</p>\r\n\r\n<p>到了才发现营地一大堆，但花已然不多了，没有想象中的花海一片，也许又来迟了，即使等了一年。</p>\r\n\r\n<p>Hiking到Bighorn campsite，一路上看到好多人备着行囊离开，营地已经满了，幸亏没有草率杀过来。只能在设定的地点扎营，所以在这个季节很难抢到，还是在山下老实待着了，大把的营地可供选择，夜晚坐在篝火前看着满天的繁星，这是第二次在山里看那密密麻麻的星空，真是壮观，若有个天文望远镜是不是更酷。</p>\r\n\r\n<p>也许今年的camping 计划就此告一段落，明年再续了。</p>\r\n\r\n<p>===========================================================</p>\r\n\r\n<p>我们的营地。 来早了，只好地上玩虫子</p>\r\n\r\n<p><img alt=\"\" src=\"http://www.sunorth.org/static/media/gallery/2016/08/08/IMG_20160806_102932808.jpg\" style=\"height:1836px; width:3264px\" /></p>\r\n\r\n<p>那一片山花，是，就是那一片<img alt=\"\" src=\"http://www.sunorth.org/static/media/gallery/2016/08/07/IMG_20160806_152424416_HDR.jpg\" style=\"height:1836px; width:3264px\" /></p>\r\n\r\n<p>Heather Trail 第一个营地，已经满了，路上碰到一对儿，很无奈很失望地背着大包原路返回。说实话，晚上可能很不舒服，因为山上苍蝇蚊子特别多，都撞脑袋。</p>\r\n\r\n<p><img alt=\"\" src=\"http://www.sunorth.org/static/media/gallery/2016/08/08/IMG_20160806_150710042_HDR.jpg\" /></p>\r\n\r\n<p>再次来到静静的Lightning Lake，一样的美，只是风大了，还挺冷。</p>\r\n\r\n<p><img alt=\"\" src=\"http://www.sunorth.org/static/media/gallery/2016/08/07/IMG_20160807_100833191_HDR.jpg\" /></p>\r\n\r\n<p>&nbsp;</p>\r\n\r\n<p>回程路上上趟厕所，顺便看看Hope Landslide壮观场面<img alt=\"\" src=\"http://www.sunorth.org/static/media/gallery/2016/08/07/IMG_20160807_151215516_HDR.jpg\" /></p>\r\n\r\n<p>Bridal Falls 上次因为大雨没有近距离看看，这次如愿以偿</p>\r\n\r\n<p><img alt=\"\" src=\"http://www.sunorth.org/static/media/gallery/2016/08/07/IMG_20160807_160853366.jpg\" style=\"height:1836px; width:3264px\" /></p>\r\n','2016-08-08 02:15:45',1,'zh-cn'),(64,'最后一次尝试','crabbing','<p>为了钓螃蟹,去年买了一艘小船,本指望平时可以去湖里划划船,事实证明太不稳定了,前两次差点海里翻了,这次增加了两个fender,效果还可以,可是每次出海收获可怜,有些心灰意冷了.还不如处理掉这个再搞一个paddle board, 安心划船.</p>\r\n\r\n<p>刚去又开始下小雨了, 这么努力希望能有所收获. 可事实证明,算了</p>\r\n\r\n<p><img src=\"https://www.sunorth.org/static/media/gallery/2016/09/25/IMG_20160925_130457.jpg\" /></p>\r\n\r\n<p><img alt=\"\" src=\"/static/media/uploads/Richard/2016/09/26/img_20160925_130513.jpg\" /></p>\r\n\r\n<p>放在craglist 希望转给有用的人.</p>\r\n\r\n<p><img alt=\"\" src=\"/static/media/uploads/Richard/2016/09/26/img_20160925_160859.jpg\" style=\"height:3968px; width:2976px\" /></p>\r\n\r\n<p><img alt=\"\" src=\"/static/media/uploads/Richard/2016/09/26/img_20160925_161201.jpg\" /></p>\r\n','2016-09-26 21:08:27',1,'zh-cn'),(65,'So that is what it is','thing','<p>Got email from Steven:</p>\r\n\r\n<blockquote>\r\n<p>My name is Stephen Hussey and I run a fishing program out of Thomas Haney Secondary in Maple Ridge. &nbsp;We have been working on our fishing techniques from shore and our participants are getting to the point where they would benefit from being on the water. &nbsp;I was wondering if you would be interested in a tax break (donate to program and I give you district paperwork for tax receipt) and donate your boat to<br />\r\n<br />\r\n<a href=\"http://catchthethunderflyfishingandconservationclub.yolasite.com/\" rel=\"noreferrer\" target=\"_blank\">http://catchthethunderflyfishingandconservationclub.yolasite.com/</a><br />\r\n<br />\r\nI know the students would get a lot of use and memorable experiences with the use of the equipment.<br />\r\n<br />\r\nOur number is&nbsp;604-463-2001&nbsp;if you want to check legitimacy of this group.<br />\r\n&nbsp;<br />\r\n<br />\r\n<br />\r\nThanks for the consideration,<br />\r\n<br />\r\n<br />\r\nMr. Stephen Hussey<br />\r\n<br />\r\nScience/Math Teacher (Maj. Biology)<br />\r\nThomas Haney Secondary</p>\r\n</blockquote>\r\n\r\n<p>Talked to friend, maybe it&#39;s a good idea to donate it, so will setup a time to meet.</p>\r\n\r\n<p>Finally the boat is picked. Hope it will be useful for children.</p>\r\n\r\n<p><img alt=\"\" src=\"/static/media/uploads/Richard/2016/10/31/442643223chatroom_1477881050696_30.png\" style=\"height:358px; width:600px\" /></p>\r\n','2016-10-03 17:11:52',1,'en-us'),(66,'温哥华的雨','hiking','<p>本来跟Jim约好了去rowing，可是雨还是一直下，只好取消改为hiking了。</p>\r\n\r\n<p>很多人不喜欢温哥华，是因为温哥华有大约半年的雨季，这个雨可以一直下持续一个星期，想想也挺恐怖的，但是几年下来发现我更喜欢这个雨，不大，慢慢的，没有风，似乎无形中世界安静了下来，总是感觉只有下雨的时候，人才可以静下心来做些事情。也喜欢夏季的阳光，晴朗的天空总是让人有出去活动的冲动，似乎不充分享受那份阳光就是对不起老天的恩赐。</p>\r\n\r\n<p>也许这就是温哥华的独特之处，夏天让你充分的享受户外，冬天让你安静的工作<img alt=\"laugh\" src=\"https://www.sunorth.org/static/ckeditor/ckeditor/plugins/smiley/images/teeth_smile.png\" style=\"height:23px; width:23px\" title=\"laugh\" /></p>\r\n\r\n<p>一圈下来，冲一杯咖啡，坐下来，开始一天的coding</p>\r\n\r\n<p><img alt=\"\" src=\"/static/media/uploads/Richard/2016/10/18/img_20161018_085508.jpg\" style=\"height:651px; width:868px\" /></p>\r\n\r\n<p><img alt=\"\" src=\"/static/media/uploads/Richard/2016/10/18/img_20161018_091022.jpg\" style=\"height:1168px; width:876px\" /></p>\r\n','2016-10-18 16:44:05',1,'zh-cn');
/*!40000 ALTER TABLE `blog_blog` ENABLE KEYS */;
UNLOCK TABLES;

--
-- Table structure for table `blog_comment`
--

DROP TABLE IF EXISTS `blog_comment`;
/*!40101 SET @saved_cs_client     = @@character_set_client */;
/*!40101 SET character_set_client = utf8 */;
CREATE TABLE `blog_comment` (
  `id` int(11) NOT NULL AUTO_INCREMENT,
  `comment` longtext NOT NULL,
  `create_time` datetime NOT NULL,
  `owner_id` int(11) NOT NULL,
  `blog_id` int(11) NOT NULL,
  PRIMARY KEY (`id`),
  KEY `blog_comment_owner_id_1a285d579264d1be_fk_auth_user_id` (`owner_id`),
  KEY `blog_comment_blog_id_4a9646a4bc3f37b8_fk_blog_blog_id` (`blog_id`),
  CONSTRAINT `blog_comment_blog_id_4a9646a4bc3f37b8_fk_blog_blog_id` FOREIGN KEY (`blog_id`) REFERENCES `blog_blog` (`id`),
  CONSTRAINT `blog_comment_owner_id_1a285d579264d1be_fk_auth_user_id` FOREIGN KEY (`owner_id`) REFERENCES `auth_user` (`id`)
) ENGINE=InnoDB AUTO_INCREMENT=25 DEFAULT CHARSET=utf8;
/*!40101 SET character_set_client = @saved_cs_client */;

--
-- Dumping data for table `blog_comment`
--

LOCK TABLES `blog_comment` WRITE;
/*!40000 ALTER TABLE `blog_comment` DISABLE KEYS */;
INSERT INTO `blog_comment` VALUES (1,'暂时不支持！^_^…','2015-10-11 17:18:59',1,3),(2,'现在可以编辑在线图片，但仍然无法从本地上传','2015-10-13 16:52:38',1,3),(3,'可以上传图片了^_^','2015-10-13 23:56:26',1,3),(4,'good!','2015-11-02 05:57:22',5,18),(5,'我都醉了^_^  此情此景！  我们的hiking就此升华了\r\n也想就此分享特别喜欢的一句话“Yesterday is history, Tomorrow is mystery, but Today is a gift, that is why it is called the present” -- 《功夫熊猫》','2015-11-02 06:35:51',1,19),(6,'调螃蟹，钓鱼都可以啦，在Fraser河划划是不是也可以呢？\r\n','2015-11-06 07:44:01',7,21),(7,'不容易啊。也许这也是一种文化，就如公认的德国工业严谨。','2015-11-06 16:12:38',1,23),(8,'上次温哥华停电的那晚感觉真好呀，放下了一切，因为没有任何现代文明的打扰，你也不用冲，因为你知道没法冲，别人也没法冲。\r\n但是刚一来电整个人立刻就有紧张起来的感觉，查微信，开电视，查mail，人被现代科技所绑架了。\r\n有天真的会黑客帝国呀！\r\n走赶紧找一没有手机信号的地去hiking！','2015-11-06 16:28:30',7,20),(9,'多写点嘛，别象微博一样！','2015-11-06 16:39:55',7,16),(10,'当然没问题，有空就可以带孩子去河边划划 ^_^  ，按标注能容两个大人和一个小孩，看看周末去试试水','2015-11-06 18:33:12',1,21),(11,'哈哈，这就是人，终究要回归到生活的本质。','2015-11-06 18:34:48',1,20),(12,'昨天又停电了，还没有体验就又来电了.不过体验了战略储备的重要，前两天买了煤气炉子正好用上，所以平时家里一定要备上手电，蜡烛，煤气，干粮什么的，有备无患。 ','2015-11-09 01:45:25',1,20),(14,'也许可以通过某种方式去改变。有这样一个评价系统，让不合格的遭淘汰，让好的 变的更好。所谓优胜劣汰。','2015-11-09 17:42:15',1,23),(15,'Very nice! 细想想，我们犯了好多常见的错误。我们总是按照我们的思维去看待孩子的教育，我们总是“希望”孩子如何，但孩子的成长恰恰在于他们自身的感悟。','2015-11-11 20:47:32',1,25),(16,'Beautiful! ^_^','2015-11-12 21:25:40',1,28),(17,'还真没认真的看过，你们家简直就是在花园里嘛！幸福吧^_^  用你的话“上天赐福的地方”','2015-11-13 21:21:25',1,30),(18,'回头看这个地方真的很好，游泳，钓鱼，picknic ，hiking， 即使静静的发呆都是很好。 还是第一看到提供免费炉子的park，以后就是我们常规据点了。','2015-11-13 21:23:39',1,29),(19,'突然觉得有点水墨山水的味道','2015-11-14 01:34:32',1,29),(20,'R.I.P ','2015-11-14 17:29:09',1,31),(21,'这就是丰盛的！','2015-11-15 08:03:17',7,26),(22,'今天发现马桶漏水！\r\n','2015-11-15 08:05:05',7,23),(23,'无语。。。','2015-11-16 01:55:58',1,23),(24,'什么是最珍贵的呢？时光，身体，家庭，朋友？用珍贵的时光，健康的身体和家人朋友，共同经历丰盛的人生！','2015-11-16 02:59:43',7,33);
/*!40000 ALTER TABLE `blog_comment` ENABLE KEYS */;
UNLOCK TABLES;

--
-- Table structure for table `django_admin_log`
--

DROP TABLE IF EXISTS `django_admin_log`;
/*!40101 SET @saved_cs_client     = @@character_set_client */;
/*!40101 SET character_set_client = utf8 */;
CREATE TABLE `django_admin_log` (
  `id` int(11) NOT NULL AUTO_INCREMENT,
  `action_time` datetime NOT NULL,
  `object_id` longtext,
  `object_repr` varchar(200) NOT NULL,
  `action_flag` smallint(5) unsigned NOT NULL,
  `change_message` longtext NOT NULL,
  `content_type_id` int(11) DEFAULT NULL,
  `user_id` int(11) NOT NULL,
  PRIMARY KEY (`id`),
  KEY `djang_content_type_id_45e34bfcc39cda04_fk_django_content_type_id` (`content_type_id`),
  KEY `django_admin_log_user_id_3c055360143d7275_fk_auth_user_id` (`user_id`),
  CONSTRAINT `django_admin_log_user_id_3c055360143d7275_fk_auth_user_id` FOREIGN KEY (`user_id`) REFERENCES `auth_user` (`id`),
  CONSTRAINT `djang_content_type_id_45e34bfcc39cda04_fk_django_content_type_id` FOREIGN KEY (`content_type_id`) REFERENCES `django_content_type` (`id`)
) ENGINE=InnoDB AUTO_INCREMENT=37 DEFAULT CHARSET=utf8;
/*!40101 SET character_set_client = @saved_cs_client */;

--
-- Dumping data for table `django_admin_log`
--

LOCK TABLES `django_admin_log` WRITE;
/*!40000 ALTER TABLE `django_admin_log` DISABLE KEYS */;
INSERT INTO `django_admin_log` VALUES (1,'2015-10-08 17:15:04','1','sunorth.org',2,'Changed domain and name.',5,1),(2,'2015-10-17 01:17:14','8','Blog object',3,'',10,1),(3,'2015-10-17 04:15:00','2','Sun',2,'Changed first_name, last_name, is_staff and is_superuser.',4,1),(4,'2015-10-17 04:15:15','1','orcsun',2,'Changed first_name and last_name.',4,1),(5,'2015-10-18 04:41:51','3','Simon',2,'Changed password.',4,1),(6,'2015-10-25 01:01:53','12','Blog object',3,'',10,1),(7,'2015-10-25 01:10:09','13','Blog object',3,'',10,1),(8,'2015-11-02 06:27:10','7','MartinXu',2,'Changed is_staff.',4,1),(9,'2015-11-02 06:28:31','2','Sun',2,'Changed is_staff and is_superuser.',4,1),(10,'2015-11-02 17:28:30','5','liqunfeng2003@gmail.com',2,'Changed is_staff.',4,1),(11,'2015-11-02 17:28:37','3','Simon',2,'Changed is_staff.',4,1),(12,'2015-11-02 17:29:31','1','sunorth',1,'',3,1),(13,'2015-11-02 17:30:11','6','MatinXu',3,'',4,1),(14,'2015-11-02 18:25:49','5','liqunfeng2003@gmail.com',2,'Changed is_staff.',4,1),(15,'2015-11-02 18:25:56','3','Simon',2,'Changed is_staff.',4,1),(16,'2015-11-02 18:26:03','7','MartinXu',2,'Changed is_staff.',4,1),(17,'2015-11-09 04:25:03','12','Comment object',2,'Changed comment.',11,1),(18,'2015-11-09 04:25:11','13','Comment object',3,'',11,1),(19,'2015-11-09 04:26:19','8','Activity object',3,'',14,1),(20,'2015-11-09 04:26:36','7','Activity object',2,'Changed do_time.',14,1),(21,'2015-11-09 04:27:06','4','Activity object',2,'Changed do_time.',14,1),(22,'2015-11-09 04:27:18','3','Activity object',2,'Changed do_time.',14,1),(23,'2015-11-09 04:27:40','2','Activity object',2,'Changed do_time.',14,1),(24,'2015-11-19 21:20:48','1','北漠',2,'Changed username.',4,1),(25,'2015-11-19 21:21:14','1','orcsun',2,'Changed username.',4,1),(26,'2015-11-19 21:21:34','1','Richard',2,'Changed username.',4,1),(27,'2015-11-22 02:13:58','3','Activity object',2,'Changed do_time.',14,1),(28,'2015-12-18 18:24:01','18','Gallery object',2,'Changed story.',17,1),(29,'2016-01-28 22:27:16','5','liqunfeng2003@gmail.com',2,'Changed first_name and last_name.',4,1),(30,'2016-01-28 22:28:15','3','Simon',2,'Changed first_name.',4,1),(31,'2016-01-28 22:28:29','7','MartinXu',2,'Changed first_name and last_name.',4,1),(32,'2016-07-29 21:12:55','3','Simon',2,'Changed last_name.',4,1),(33,'2016-08-01 02:56:50','61','温哥华的另一面',3,'',10,1),(34,'2016-08-08 22:38:06','62','Bighorns 营地',2,'Changed story.',17,1),(35,'2016-08-10 16:13:50','50','Rowing group ',3,'',17,1),(36,'2016-10-31 03:39:21','65','So that is what it is',2,'Changed language.',10,1);
/*!40000 ALTER TABLE `django_admin_log` ENABLE KEYS */;
UNLOCK TABLES;

--
-- Table structure for table `django_content_type`
--

DROP TABLE IF EXISTS `django_content_type`;
/*!40101 SET @saved_cs_client     = @@character_set_client */;
/*!40101 SET character_set_client = utf8 */;
CREATE TABLE `django_content_type` (
  `id` int(11) NOT NULL AUTO_INCREMENT,
  `app_label` varchar(100) NOT NULL,
  `model` varchar(100) NOT NULL,
  PRIMARY KEY (`id`),
  UNIQUE KEY `django_content_type_app_label_5508e8011a9c61e8_uniq` (`app_label`,`model`)
) ENGINE=InnoDB AUTO_INCREMENT=19 DEFAULT CHARSET=utf8;
/*!40101 SET character_set_client = @saved_cs_client */;

--
-- Dumping data for table `django_content_type`
--

LOCK TABLES `django_content_type` WRITE;
/*!40000 ALTER TABLE `django_content_type` DISABLE KEYS */;
INSERT INTO `django_content_type` VALUES (14,'activity','activity'),(15,'activity','comment'),(1,'admin','logentry'),(3,'auth','group'),(2,'auth','permission'),(4,'auth','user'),(16,'avatar','avatar'),(10,'blog','blog'),(11,'blog','comment'),(6,'contenttypes','contenttype'),(13,'event','comment'),(9,'event','event'),(17,'gallery','gallery'),(8,'registration','registrationprofile'),(7,'sessions','session'),(5,'sites','site'),(18,'thumbnail','kvstore'),(12,'userprofile','userprofile');
/*!40000 ALTER TABLE `django_content_type` ENABLE KEYS */;
UNLOCK TABLES;

--
-- Table structure for table `django_migrations`
--

DROP TABLE IF EXISTS `django_migrations`;
/*!40101 SET @saved_cs_client     = @@character_set_client */;
/*!40101 SET character_set_client = utf8 */;
CREATE TABLE `django_migrations` (
  `id` int(11) NOT NULL AUTO_INCREMENT,
  `app` varchar(255) NOT NULL,
  `name` varchar(255) NOT NULL,
  `applied` datetime NOT NULL,
  PRIMARY KEY (`id`)
) ENGINE=InnoDB AUTO_INCREMENT=32 DEFAULT CHARSET=utf8;
/*!40101 SET character_set_client = @saved_cs_client */;

--
-- Dumping data for table `django_migrations`
--

LOCK TABLES `django_migrations` WRITE;
/*!40000 ALTER TABLE `django_migrations` DISABLE KEYS */;
INSERT INTO `django_migrations` VALUES (1,'contenttypes','0001_initial','2015-09-23 23:57:08'),(2,'auth','0001_initial','2015-09-23 23:57:08'),(3,'admin','0001_initial','2015-09-23 23:57:08'),(4,'contenttypes','0002_remove_content_type_name','2015-09-23 23:57:09'),(5,'auth','0002_alter_permission_name_max_length','2015-09-23 23:57:09'),(6,'auth','0003_alter_user_email_max_length','2015-09-23 23:57:09'),(7,'auth','0004_alter_user_username_opts','2015-09-23 23:57:09'),(8,'auth','0005_alter_user_last_login_null','2015-09-23 23:57:09'),(9,'auth','0006_require_contenttypes_0002','2015-09-23 23:57:09'),(10,'registration','0001_initial','2015-09-23 23:57:09'),(11,'sessions','0001_initial','2015-09-23 23:57:09'),(12,'sites','0001_initial','2015-09-23 23:57:09'),(13,'event','0001_initial','2015-10-08 17:13:42'),(14,'userprofile','0001_initial','2015-10-16 00:48:49'),(15,'activity','0001_initial','2015-10-17 01:54:54'),(16,'avatar','0001_initial','2015-10-21 21:02:38'),(17,'gallery','0001_initial','2015-11-26 05:49:29'),(18,'gallery','0002_auto_20151125_1930','2015-11-26 05:49:29'),(19,'activity','0002_activity_language','2016-10-29 19:35:41'),(20,'activity','0003_remove_activity_language','2016-10-31 03:29:47'),(21,'blog','0001_initial','2016-10-31 03:30:32'),(22,'blog','0002_auto_20151011_0124','2016-10-31 03:30:32'),(23,'blog','0003_comment','2016-10-31 03:30:32'),(24,'blog','0004_message','2016-10-31 03:30:32'),(25,'blog','0005_delete_message','2016-10-31 03:30:32'),(26,'blog','0006_auto_20151013_2151','2016-10-31 03:30:32'),(27,'blog','0007_blog_language','2016-10-31 03:30:32'),(28,'blog','0008_remove_blog_language','2016-10-31 03:30:32'),(29,'gallery','0003_auto_20151126_1735','2016-10-31 03:30:32'),(30,'activity','0004_activity_language','2016-10-31 03:34:18'),(31,'blog','0009_blog_language','2016-10-31 03:34:18');
/*!40000 ALTER TABLE `django_migrations` ENABLE KEYS */;
UNLOCK TABLES;

--
-- Table structure for table `django_session`
--

DROP TABLE IF EXISTS `django_session`;
/*!40101 SET @saved_cs_client     = @@character_set_client */;
/*!40101 SET character_set_client = utf8 */;
CREATE TABLE `django_session` (
  `session_key` varchar(40) NOT NULL,
  `session_data` longtext NOT NULL,
  `expire_date` datetime NOT NULL,
  PRIMARY KEY (`session_key`),
  KEY `django_session_de54fa62` (`expire_date`)
) ENGINE=InnoDB DEFAULT CHARSET=utf8;
/*!40101 SET character_set_client = @saved_cs_client */;

--
-- Dumping data for table `django_session`
--

LOCK TABLES `django_session` WRITE;
/*!40000 ALTER TABLE `django_session` DISABLE KEYS */;
INSERT INTO `django_session` VALUES ('02ocd3z4svb9f6cam0paam4j0trb7fpi','NDBjYmM0YjQ1OTAyOTlkMDQ3MDgxYzMyNDk0NGVlNzQ4MGI0Zjc3Nzp7Il9hdXRoX3VzZXJfYmFja2VuZCI6ImRqYW5nby5jb250cmliLmF1dGguYmFja2VuZHMuTW9kZWxCYWNrZW5kIiwiX2F1dGhfdXNlcl9pZCI6IjEiLCJfYXV0aF91c2VyX2hhc2giOiIzZDdkYTY3YjY2NjRjODliOTYyNTlhZTQ3M2M5MTI1N2U4ZmI3MDE3In0=','2016-01-15 00:32:02'),('105pajvv9f8ur0ch9kfkum0is7foctb6','NWQyYmI2NTc0NDE2YzkxZjlmYzY0Njk5NDNmOGE1OTdiZjBmMGQ5OTp7Il9hdXRoX3VzZXJfaGFzaCI6IjNkN2RhNjdiNjY2NGM4OWI5NjI1OWFlNDczYzkxMjU3ZThmYjcwMTciLCJfYXV0aF91c2VyX2lkIjoiMSIsIl9hdXRoX3VzZXJfYmFja2VuZCI6ImRqYW5nby5jb250cmliLmF1dGguYmFja2VuZHMuTW9kZWxCYWNrZW5kIn0=','2015-11-04 21:26:07'),('1e9gipk6bh6ta8nx4nvkper71yayv22b','MTE0NTcwNjM0M2ZkMGQ4YWFkMmU0MmUzNmE3ZWZhMjY0NDcxZmRhMTp7IlJFR0lTVFJBVElPTl9BVVRPX0xPR0lOIjp0cnVlLCJfYXV0aF91c2VyX2lkIjoiMTMiLCJfYXV0aF91c2VyX2hhc2giOiI5MTJkNzRmNmU5YWVkZGMwNWIwNGQ5M2I0OGZhNTJkY2UzZjc4NTViIiwiX2F1dGhfdXNlcl9iYWNrZW5kIjoiZGphbmdvLmNvbnRyaWIuYXV0aC5iYWNrZW5kcy5Nb2RlbEJhY2tlbmQifQ==','2015-12-19 13:50:18'),('1ihfm9vbxjmzjijjs6rb9j7ilywuunnm','NWQyYmI2NTc0NDE2YzkxZjlmYzY0Njk5NDNmOGE1OTdiZjBmMGQ5OTp7Il9hdXRoX3VzZXJfaGFzaCI6IjNkN2RhNjdiNjY2NGM4OWI5NjI1OWFlNDczYzkxMjU3ZThmYjcwMTciLCJfYXV0aF91c2VyX2lkIjoiMSIsIl9hdXRoX3VzZXJfYmFja2VuZCI6ImRqYW5nby5jb250cmliLmF1dGguYmFja2VuZHMuTW9kZWxCYWNrZW5kIn0=','2015-12-31 03:00:22'),('1pdm8mezkmhy1v7ey33lqgouvdqqvs6h','OTgzNWVmNmVmMTRlMGVlZmU4YzYxY2VkZGNhMDM0YjFkYzFjNTMyYzp7Il9hdXRoX3VzZXJfaGFzaCI6ImVjODAzMjQwYjJjODEwZjE3OTdiODNlMTk3ZjU2NjE4OWY2MmFmZjUiLCJfYXV0aF91c2VyX2JhY2tlbmQiOiJkamFuZ28uY29udHJpYi5hdXRoLmJhY2tlbmRzLk1vZGVsQmFja2VuZCIsIlJFR0lTVFJBVElPTl9BVVRPX0xPR0lOIjp0cnVlLCJfYXV0aF91c2VyX2lkIjoiNCJ9','2015-11-09 01:53:16'),('2it737n9n9hrztyezwyiijtulaq44f7a','YzJiNTQwODQ0MTBkMDQ1ZTAzZjNhNjkyNzgzMDkyNWVmYWM4ZWJiYTp7Il9hdXRoX3VzZXJfaWQiOiIxIiwiX2F1dGhfdXNlcl9iYWNrZW5kIjoiZGphbmdvLmNvbnRyaWIuYXV0aC5iYWNrZW5kcy5Nb2RlbEJhY2tlbmQiLCJfYXV0aF91c2VyX2hhc2giOiIzZDdkYTY3YjY2NjRjODliOTYyNTlhZTQ3M2M5MTI1N2U4ZmI3MDE3In0=','2016-08-15 20:48:02'),('2juko96lkwp3wy9ez9shbjrq3z5dsvox','NDBjYmM0YjQ1OTAyOTlkMDQ3MDgxYzMyNDk0NGVlNzQ4MGI0Zjc3Nzp7Il9hdXRoX3VzZXJfYmFja2VuZCI6ImRqYW5nby5jb250cmliLmF1dGguYmFja2VuZHMuTW9kZWxCYWNrZW5kIiwiX2F1dGhfdXNlcl9pZCI6IjEiLCJfYXV0aF91c2VyX2hhc2giOiIzZDdkYTY3YjY2NjRjODliOTYyNTlhZTQ3M2M5MTI1N2U4ZmI3MDE3In0=','2016-01-06 18:55:49'),('2nec568x75fgfjlbz0boo2j1b1uh3ria','MTVjNjNhYzBkN2Y5MWY5Y2JiZjNjNTIyNmZlZWIyZWYzYTgyMjZkMTp7Il9hdXRoX3VzZXJfaWQiOiIxIiwiX2F1dGhfdXNlcl9oYXNoIjoiM2Q3ZGE2N2I2NjY0Yzg5Yjk2MjU5YWU0NzNjOTEyNTdlOGZiNzAxNyIsIl9hdXRoX3VzZXJfYmFja2VuZCI6ImRqYW5nby5jb250cmliLmF1dGguYmFja2VuZHMuTW9kZWxCYWNrZW5kIn0=','2016-04-11 23:23:15'),('5eipyccjea39zm0pml2hxmk0vn45e335','YzJiNTQwODQ0MTBkMDQ1ZTAzZjNhNjkyNzgzMDkyNWVmYWM4ZWJiYTp7Il9hdXRoX3VzZXJfaWQiOiIxIiwiX2F1dGhfdXNlcl9iYWNrZW5kIjoiZGphbmdvLmNvbnRyaWIuYXV0aC5iYWNrZW5kcy5Nb2RlbEJhY2tlbmQiLCJfYXV0aF91c2VyX2hhc2giOiIzZDdkYTY3YjY2NjRjODliOTYyNTlhZTQ3M2M5MTI1N2U4ZmI3MDE3In0=','2016-09-06 15:45:04'),('74dr83wg5m5c80a5ytys7em776h6zj81','NGZlMGJmMjBjYjIwOGRlODNmMDEzODljY2Y2MTFmN2Q5ZDc1YjMwYTp7Il9hdXRoX3VzZXJfaGFzaCI6IjNkN2RhNjdiNjY2NGM4OWI5NjI1OWFlNDczYzkxMjU3ZThmYjcwMTciLCJfYXV0aF91c2VyX2JhY2tlbmQiOiJkamFuZ28uY29udHJpYi5hdXRoLmJhY2tlbmRzLk1vZGVsQmFja2VuZCIsIl9hdXRoX3VzZXJfaWQiOiIxIn0=','2016-07-11 15:06:44'),('75m47k9r4p922c1oe2g6eg7y44wtkqj8','NDBjYmM0YjQ1OTAyOTlkMDQ3MDgxYzMyNDk0NGVlNzQ4MGI0Zjc3Nzp7Il9hdXRoX3VzZXJfYmFja2VuZCI6ImRqYW5nby5jb250cmliLmF1dGguYmFja2VuZHMuTW9kZWxCYWNrZW5kIiwiX2F1dGhfdXNlcl9pZCI6IjEiLCJfYXV0aF91c2VyX2hhc2giOiIzZDdkYTY3YjY2NjRjODliOTYyNTlhZTQ3M2M5MTI1N2U4ZmI3MDE3In0=','2016-07-05 18:45:44'),('98kqr68qg5zsmfmhobxkndsbccpy9igi','NGZlMGJmMjBjYjIwOGRlODNmMDEzODljY2Y2MTFmN2Q5ZDc1YjMwYTp7Il9hdXRoX3VzZXJfaGFzaCI6IjNkN2RhNjdiNjY2NGM4OWI5NjI1OWFlNDczYzkxMjU3ZThmYjcwMTciLCJfYXV0aF91c2VyX2JhY2tlbmQiOiJkamFuZ28uY29udHJpYi5hdXRoLmJhY2tlbmRzLk1vZGVsQmFja2VuZCIsIl9hdXRoX3VzZXJfaWQiOiIxIn0=','2016-06-22 05:46:00'),('9dehzpd0g6qego4i6gf7496fbrs63lvw','ODRlMWU1MzkzNWYzZDY1MzYyNmU1ZThlNjkxNzJiY2Y0NGQ2YzI0Yjp7Il9hdXRoX3VzZXJfaWQiOiIzIiwiX2F1dGhfdXNlcl9iYWNrZW5kIjoiZGphbmdvLmNvbnRyaWIuYXV0aC5iYWNrZW5kcy5Nb2RlbEJhY2tlbmQiLCJfYXV0aF91c2VyX2hhc2giOiI3ZTQ5MjFhMGE4MjY1NDlkYmJhZDI1MTU5MTIxNzRmM2IxNDRjMzBhIn0=','2015-11-09 19:45:21'),('9lwwff9isz2vrznichxkgdz66nixngn1','MTVjNjNhYzBkN2Y5MWY5Y2JiZjNjNTIyNmZlZWIyZWYzYTgyMjZkMTp7Il9hdXRoX3VzZXJfaWQiOiIxIiwiX2F1dGhfdXNlcl9oYXNoIjoiM2Q3ZGE2N2I2NjY0Yzg5Yjk2MjU5YWU0NzNjOTEyNTdlOGZiNzAxNyIsIl9hdXRoX3VzZXJfYmFja2VuZCI6ImRqYW5nby5jb250cmliLmF1dGguYmFja2VuZHMuTW9kZWxCYWNrZW5kIn0=','2016-02-13 03:46:09'),('a5r9b27hy4s6whrdbi0d197uyh84ki7l','NDBjYmM0YjQ1OTAyOTlkMDQ3MDgxYzMyNDk0NGVlNzQ4MGI0Zjc3Nzp7Il9hdXRoX3VzZXJfYmFja2VuZCI6ImRqYW5nby5jb250cmliLmF1dGguYmFja2VuZHMuTW9kZWxCYWNrZW5kIiwiX2F1dGhfdXNlcl9pZCI6IjEiLCJfYXV0aF91c2VyX2hhc2giOiIzZDdkYTY3YjY2NjRjODliOTYyNTlhZTQ3M2M5MTI1N2U4ZmI3MDE3In0=','2016-08-01 06:21:00'),('axosv6voc7gw9q79x7rhfm51ev9l325s','MTVjNjNhYzBkN2Y5MWY5Y2JiZjNjNTIyNmZlZWIyZWYzYTgyMjZkMTp7Il9hdXRoX3VzZXJfaWQiOiIxIiwiX2F1dGhfdXNlcl9oYXNoIjoiM2Q3ZGE2N2I2NjY0Yzg5Yjk2MjU5YWU0NzNjOTEyNTdlOGZiNzAxNyIsIl9hdXRoX3VzZXJfYmFja2VuZCI6ImRqYW5nby5jb250cmliLmF1dGguYmFja2VuZHMuTW9kZWxCYWNrZW5kIn0=','2016-05-04 02:17:22'),('bgvx1u52s5swh0ecfa9k2wvg35zvwwb4','NGZlMGJmMjBjYjIwOGRlODNmMDEzODljY2Y2MTFmN2Q5ZDc1YjMwYTp7Il9hdXRoX3VzZXJfaGFzaCI6IjNkN2RhNjdiNjY2NGM4OWI5NjI1OWFlNDczYzkxMjU3ZThmYjcwMTciLCJfYXV0aF91c2VyX2JhY2tlbmQiOiJkamFuZ28uY29udHJpYi5hdXRoLmJhY2tlbmRzLk1vZGVsQmFja2VuZCIsIl9hdXRoX3VzZXJfaWQiOiIxIn0=','2015-11-08 00:51:11'),('bjpprslai5pmx4t59uhvjd9b452swoc3','NDBjYmM0YjQ1OTAyOTlkMDQ3MDgxYzMyNDk0NGVlNzQ4MGI0Zjc3Nzp7Il9hdXRoX3VzZXJfYmFja2VuZCI6ImRqYW5nby5jb250cmliLmF1dGguYmFja2VuZHMuTW9kZWxCYWNrZW5kIiwiX2F1dGhfdXNlcl9pZCI6IjEiLCJfYXV0aF91c2VyX2hhc2giOiIzZDdkYTY3YjY2NjRjODliOTYyNTlhZTQ3M2M5MTI1N2U4ZmI3MDE3In0=','2016-06-23 01:56:36'),('cdmk4z72ky5ij75i9t4bakblqzgw0mqu','NDBjYmM0YjQ1OTAyOTlkMDQ3MDgxYzMyNDk0NGVlNzQ4MGI0Zjc3Nzp7Il9hdXRoX3VzZXJfYmFja2VuZCI6ImRqYW5nby5jb250cmliLmF1dGguYmFja2VuZHMuTW9kZWxCYWNrZW5kIiwiX2F1dGhfdXNlcl9pZCI6IjEiLCJfYXV0aF91c2VyX2hhc2giOiIzZDdkYTY3YjY2NjRjODliOTYyNTlhZTQ3M2M5MTI1N2U4ZmI3MDE3In0=','2016-02-24 20:32:48'),('cglyquooej1fw3jhgqkq0btldyay6z6e','MTVjNjNhYzBkN2Y5MWY5Y2JiZjNjNTIyNmZlZWIyZWYzYTgyMjZkMTp7Il9hdXRoX3VzZXJfaWQiOiIxIiwiX2F1dGhfdXNlcl9oYXNoIjoiM2Q3ZGE2N2I2NjY0Yzg5Yjk2MjU5YWU0NzNjOTEyNTdlOGZiNzAxNyIsIl9hdXRoX3VzZXJfYmFja2VuZCI6ImRqYW5nby5jb250cmliLmF1dGguYmFja2VuZHMuTW9kZWxCYWNrZW5kIn0=','2015-12-21 01:10:47'),('dd0t3sk9204pvh56vlf3ej88m4ooee1v','YzJiNTQwODQ0MTBkMDQ1ZTAzZjNhNjkyNzgzMDkyNWVmYWM4ZWJiYTp7Il9hdXRoX3VzZXJfaWQiOiIxIiwiX2F1dGhfdXNlcl9iYWNrZW5kIjoiZGphbmdvLmNvbnRyaWIuYXV0aC5iYWNrZW5kcy5Nb2RlbEJhY2tlbmQiLCJfYXV0aF91c2VyX2hhc2giOiIzZDdkYTY3YjY2NjRjODliOTYyNTlhZTQ3M2M5MTI1N2U4ZmI3MDE3In0=','2016-03-13 03:26:34'),('dlmd7qws07yy1s7utvh83phy52qp8br6','NDBjYmM0YjQ1OTAyOTlkMDQ3MDgxYzMyNDk0NGVlNzQ4MGI0Zjc3Nzp7Il9hdXRoX3VzZXJfYmFja2VuZCI6ImRqYW5nby5jb250cmliLmF1dGguYmFja2VuZHMuTW9kZWxCYWNrZW5kIiwiX2F1dGhfdXNlcl9pZCI6IjEiLCJfYXV0aF91c2VyX2hhc2giOiIzZDdkYTY3YjY2NjRjODliOTYyNTlhZTQ3M2M5MTI1N2U4ZmI3MDE3In0=','2016-08-08 21:47:30'),('e2pjn2x0w0p5166cs9moisasyqnxuo42','ZmEzOTEzM2ViYzI2MTgzMWRkYTE0OTRmNzVjNTIxZDIwNTFkZWYwMjp7fQ==','2015-10-26 19:12:15'),('eem8zik009joki20te4mzvh2mrypppru','MzcyMDcyYTI1NDgzYWM1NTU1NDVkMzhhYzI4NDJjYjVhMWRjOWY0Nzp7Il9hdXRoX3VzZXJfYmFja2VuZCI6ImRqYW5nby5jb250cmliLmF1dGguYmFja2VuZHMuTW9kZWxCYWNrZW5kIiwiX2F1dGhfdXNlcl9oYXNoIjoiYzk0N2U0OTJmMjYyNjRmOTYwNjc3YTFiZmNkZjZlZTFkZGNhNWVmMCIsIl9hdXRoX3VzZXJfaWQiOiIzIn0=','2015-10-25 16:09:10'),('egpkz1c5pkh8kn5ezehehe20qg2ddey5','NGZlMGJmMjBjYjIwOGRlODNmMDEzODljY2Y2MTFmN2Q5ZDc1YjMwYTp7Il9hdXRoX3VzZXJfaGFzaCI6IjNkN2RhNjdiNjY2NGM4OWI5NjI1OWFlNDczYzkxMjU3ZThmYjcwMTciLCJfYXV0aF91c2VyX2JhY2tlbmQiOiJkamFuZ28uY29udHJpYi5hdXRoLmJhY2tlbmRzLk1vZGVsQmFja2VuZCIsIl9hdXRoX3VzZXJfaWQiOiIxIn0=','2016-07-22 18:33:36'),('h7ea9q7w46pxc9alwxw1cs6y7wy4vaqz','NDBjYmM0YjQ1OTAyOTlkMDQ3MDgxYzMyNDk0NGVlNzQ4MGI0Zjc3Nzp7Il9hdXRoX3VzZXJfYmFja2VuZCI6ImRqYW5nby5jb250cmliLmF1dGguYmFja2VuZHMuTW9kZWxCYWNrZW5kIiwiX2F1dGhfdXNlcl9pZCI6IjEiLCJfYXV0aF91c2VyX2hhc2giOiIzZDdkYTY3YjY2NjRjODliOTYyNTlhZTQ3M2M5MTI1N2U4ZmI3MDE3In0=','2016-07-25 06:32:14'),('hll7yxsmgpzwconkqchk6yn7vimas2b2','OTc0NGMxODE4NDc0Y2ZiMTU2NGYxMWMyZjAyYTkxNDZlZTE5NTI2Yjp7Il9hdXRoX3VzZXJfYmFja2VuZCI6ImRqYW5nby5jb250cmliLmF1dGguYmFja2VuZHMuTW9kZWxCYWNrZW5kIiwiX2F1dGhfdXNlcl9oYXNoIjoiNmEzMmE0MTJmMDUyZjQ2OGQ3OTU2MWI3ZGNhOTU3YjgwY2I0MzdhYSIsIl9hdXRoX3VzZXJfaWQiOiI3In0=','2015-11-26 20:12:15'),('hmgsd24fxa3lidsd93wjgvl5oejn0yb7','MTVjNjNhYzBkN2Y5MWY5Y2JiZjNjNTIyNmZlZWIyZWYzYTgyMjZkMTp7Il9hdXRoX3VzZXJfaWQiOiIxIiwiX2F1dGhfdXNlcl9oYXNoIjoiM2Q3ZGE2N2I2NjY0Yzg5Yjk2MjU5YWU0NzNjOTEyNTdlOGZiNzAxNyIsIl9hdXRoX3VzZXJfYmFja2VuZCI6ImRqYW5nby5jb250cmliLmF1dGguYmFja2VuZHMuTW9kZWxCYWNrZW5kIn0=','2016-03-28 20:11:49'),('hrjxhfgzdsppxcixu6okwl8mxh5ximv5','MTVjNjNhYzBkN2Y5MWY5Y2JiZjNjNTIyNmZlZWIyZWYzYTgyMjZkMTp7Il9hdXRoX3VzZXJfaWQiOiIxIiwiX2F1dGhfdXNlcl9oYXNoIjoiM2Q3ZGE2N2I2NjY0Yzg5Yjk2MjU5YWU0NzNjOTEyNTdlOGZiNzAxNyIsIl9hdXRoX3VzZXJfYmFja2VuZCI6ImRqYW5nby5jb250cmliLmF1dGguYmFja2VuZHMuTW9kZWxCYWNrZW5kIn0=','2015-12-17 02:14:51'),('i7p2bcm0zeo0v5ox8yntlfvcdfy96nqa','NDBjYmM0YjQ1OTAyOTlkMDQ3MDgxYzMyNDk0NGVlNzQ4MGI0Zjc3Nzp7Il9hdXRoX3VzZXJfYmFja2VuZCI6ImRqYW5nby5jb250cmliLmF1dGguYmFja2VuZHMuTW9kZWxCYWNrZW5kIiwiX2F1dGhfdXNlcl9pZCI6IjEiLCJfYXV0aF91c2VyX2hhc2giOiIzZDdkYTY3YjY2NjRjODliOTYyNTlhZTQ3M2M5MTI1N2U4ZmI3MDE3In0=','2016-07-25 06:03:45'),('i7zh69tuaeyyjeaf2c2h0sda6v6gflj7','YzJiNTQwODQ0MTBkMDQ1ZTAzZjNhNjkyNzgzMDkyNWVmYWM4ZWJiYTp7Il9hdXRoX3VzZXJfaWQiOiIxIiwiX2F1dGhfdXNlcl9iYWNrZW5kIjoiZGphbmdvLmNvbnRyaWIuYXV0aC5iYWNrZW5kcy5Nb2RlbEJhY2tlbmQiLCJfYXV0aF91c2VyX2hhc2giOiIzZDdkYTY3YjY2NjRjODliOTYyNTlhZTQ3M2M5MTI1N2U4ZmI3MDE3In0=','2016-08-22 22:37:31'),('idhiqtskvogl0sj0w9f4w608emnar6na','YzJhMjZhODJlMDUyOTEzMWQ2MTI2NTMwMmIzNWQ3MTU1ZmEzMWYyMDp7Il9hdXRoX3VzZXJfaWQiOiI3IiwiX2F1dGhfdXNlcl9iYWNrZW5kIjoiZGphbmdvLmNvbnRyaWIuYXV0aC5iYWNrZW5kcy5Nb2RlbEJhY2tlbmQiLCJSRUdJU1RSQVRJT05fQVVUT19MT0dJTiI6dHJ1ZSwiX2F1dGhfdXNlcl9oYXNoIjoiNmEzMmE0MTJmMDUyZjQ2OGQ3OTU2MWI3ZGNhOTU3YjgwY2I0MzdhYSJ9','2015-11-16 06:05:18'),('irplsg29d38439mnanyrbw7aegi9isx5','MDBiNjU0YzAzNTkzN2NhMzg1ZjQ0YTI5NzllOWY0YmM1OTlhNTExYzp7IlJFR0lTVFJBVElPTl9BVVRPX0xPR0lOIjp0cnVlLCJfYXV0aF91c2VyX2lkIjoiMTQiLCJfYXV0aF91c2VyX2JhY2tlbmQiOiJkamFuZ28uY29udHJpYi5hdXRoLmJhY2tlbmRzLk1vZGVsQmFja2VuZCIsIl9hdXRoX3VzZXJfaGFzaCI6IjRiYjVmYjlhMzQ3YWYxYWRmMmQ0NTA0YmQ2OTY2ZjEyYzJhMDUwMjIifQ==','2016-03-24 12:47:57'),('j072u4bncb86ka56o5xxtx1rwurh7uvh','YzU1MTc5ZDcyODczZjBlMGExYTExMGRjYTBlZDFmYjI4NDI4YTcwYTp7Il9hdXRoX3VzZXJfaGFzaCI6IjExOTQ1MmVhMTg3MDM5ZmFmYTgxZWJhZWM4ZGUyMWUyZTg2MGZlZmQiLCJSRUdJU1RSQVRJT05fQVVUT19MT0dJTiI6dHJ1ZSwiX2F1dGhfdXNlcl9pZCI6IjEwIiwiX2F1dGhfdXNlcl9iYWNrZW5kIjoiZGphbmdvLmNvbnRyaWIuYXV0aC5iYWNrZW5kcy5Nb2RlbEJhY2tlbmQifQ==','2015-11-30 03:44:13'),('ktamsr0exc4g34s9q7nw780d2diatwrs','NWQyYmI2NTc0NDE2YzkxZjlmYzY0Njk5NDNmOGE1OTdiZjBmMGQ5OTp7Il9hdXRoX3VzZXJfaGFzaCI6IjNkN2RhNjdiNjY2NGM4OWI5NjI1OWFlNDczYzkxMjU3ZThmYjcwMTciLCJfYXV0aF91c2VyX2lkIjoiMSIsIl9hdXRoX3VzZXJfYmFja2VuZCI6ImRqYW5nby5jb250cmliLmF1dGguYmFja2VuZHMuTW9kZWxCYWNrZW5kIn0=','2016-03-09 16:06:15'),('kvaa10mbxmnrjchpkty00gahnxnl2dng','ZTQwNTVlMDVmNWY3MzRmZjk2ZDRjMDFjYWY3MzMxZjVkYjk3YmI2YTp7Il9hdXRoX3VzZXJfaWQiOiI3IiwiX2F1dGhfdXNlcl9oYXNoIjoiNmEzMmE0MTJmMDUyZjQ2OGQ3OTU2MWI3ZGNhOTU3YjgwY2I0MzdhYSIsIl9hdXRoX3VzZXJfYmFja2VuZCI6ImRqYW5nby5jb250cmliLmF1dGguYmFja2VuZHMuTW9kZWxCYWNrZW5kIn0=','2015-11-16 06:11:41'),('mbipptm8awzpaxexxnglugcwwvjfw8vd','YzJiNTQwODQ0MTBkMDQ1ZTAzZjNhNjkyNzgzMDkyNWVmYWM4ZWJiYTp7Il9hdXRoX3VzZXJfaWQiOiIxIiwiX2F1dGhfdXNlcl9iYWNrZW5kIjoiZGphbmdvLmNvbnRyaWIuYXV0aC5iYWNrZW5kcy5Nb2RlbEJhY2tlbmQiLCJfYXV0aF91c2VyX2hhc2giOiIzZDdkYTY3YjY2NjRjODliOTYyNTlhZTQ3M2M5MTI1N2U4ZmI3MDE3In0=','2015-12-12 17:18:01'),('n9pw1hvpvxufzvjubcqcvnt940he7u01','NWQyYmI2NTc0NDE2YzkxZjlmYzY0Njk5NDNmOGE1OTdiZjBmMGQ5OTp7Il9hdXRoX3VzZXJfaGFzaCI6IjNkN2RhNjdiNjY2NGM4OWI5NjI1OWFlNDczYzkxMjU3ZThmYjcwMTciLCJfYXV0aF91c2VyX2lkIjoiMSIsIl9hdXRoX3VzZXJfYmFja2VuZCI6ImRqYW5nby5jb250cmliLmF1dGguYmFja2VuZHMuTW9kZWxCYWNrZW5kIn0=','2016-05-30 02:13:57'),('ne06elkd2gjqeuovcys17yafd3xmr1l2','MTVjNjNhYzBkN2Y5MWY5Y2JiZjNjNTIyNmZlZWIyZWYzYTgyMjZkMTp7Il9hdXRoX3VzZXJfaWQiOiIxIiwiX2F1dGhfdXNlcl9oYXNoIjoiM2Q3ZGE2N2I2NjY0Yzg5Yjk2MjU5YWU0NzNjOTEyNTdlOGZiNzAxNyIsIl9hdXRoX3VzZXJfYmFja2VuZCI6ImRqYW5nby5jb250cmliLmF1dGguYmFja2VuZHMuTW9kZWxCYWNrZW5kIn0=','2016-02-02 23:27:15'),('ngnd22takefh48v428su0mxzrg32kq3c','YzJiNTQwODQ0MTBkMDQ1ZTAzZjNhNjkyNzgzMDkyNWVmYWM4ZWJiYTp7Il9hdXRoX3VzZXJfaWQiOiIxIiwiX2F1dGhfdXNlcl9iYWNrZW5kIjoiZGphbmdvLmNvbnRyaWIuYXV0aC5iYWNrZW5kcy5Nb2RlbEJhY2tlbmQiLCJfYXV0aF91c2VyX2hhc2giOiIzZDdkYTY3YjY2NjRjODliOTYyNTlhZTQ3M2M5MTI1N2U4ZmI3MDE3In0=','2016-10-04 16:15:28'),('no88naqv0iliwzrcktuqt29xwq1jab20','ZTA1NzNhNzY1NmIzNGU2YzA5ZDQ0ZGM0N2M4NTUwMmQ4YzU4ZDk0NDp7Il9hdXRoX3VzZXJfaGFzaCI6IjNkN2RhNjdiNjY2NGM4OWI5NjI1OWFlNDczYzkxMjU3ZThmYjcwMTciLCJfYXV0aF91c2VyX2lkIjoiMSIsIl9sYW5ndWFnZSI6ImVuIiwiX2F1dGhfdXNlcl9iYWNrZW5kIjoiZGphbmdvLmNvbnRyaWIuYXV0aC5iYWNrZW5kcy5Nb2RlbEJhY2tlbmQifQ==','2016-11-14 03:34:50'),('o6secwiqbgksizzt2ch1pm6z6trgqfnr','YTJjODUyNDM3Y2E4NTllMjUxYmFjODY0NTJjYTVjOThkZWZhMzc4YTp7Il9hdXRoX3VzZXJfaWQiOiIxNCIsIl9hdXRoX3VzZXJfYmFja2VuZCI6ImRqYW5nby5jb250cmliLmF1dGguYmFja2VuZHMuTW9kZWxCYWNrZW5kIiwiX2F1dGhfdXNlcl9oYXNoIjoiNGJiNWZiOWEzNDdhZjFhZGYyZDQ1MDRiZDY5NjZmMTJjMmEwNTAyMiJ9','2016-03-26 15:19:11'),('pjbkn7fqpiykeyjylcpxooe65gim27jf','NzA4NTc1NDc0MWFiZmEwOGQ1ODAyNmI3YTc0NDY4NDhiZjMwNDBmYTp7Il9hdXRoX3VzZXJfaGFzaCI6ImVjODAzMjQwYjJjODEwZjE3OTdiODNlMTk3ZjU2NjE4OWY2MmFmZjUiLCJfYXV0aF91c2VyX2JhY2tlbmQiOiJkamFuZ28uY29udHJpYi5hdXRoLmJhY2tlbmRzLk1vZGVsQmFja2VuZCIsIl9hdXRoX3VzZXJfaWQiOiI0In0=','2015-11-09 01:53:30'),('pui0mzlsedygi2n2fumstogy9stm3qva','ZmEzOTEzM2ViYzI2MTgzMWRkYTE0OTRmNzVjNTIxZDIwNTFkZWYwMjp7fQ==','2015-10-25 05:39:21'),('qojkxh121xbafjby9xy8sm4ujgu9wro6','NDBjYmM0YjQ1OTAyOTlkMDQ3MDgxYzMyNDk0NGVlNzQ4MGI0Zjc3Nzp7Il9hdXRoX3VzZXJfYmFja2VuZCI6ImRqYW5nby5jb250cmliLmF1dGguYmFja2VuZHMuTW9kZWxCYWNrZW5kIiwiX2F1dGhfdXNlcl9pZCI6IjEiLCJfYXV0aF91c2VyX2hhc2giOiIzZDdkYTY3YjY2NjRjODliOTYyNTlhZTQ3M2M5MTI1N2U4ZmI3MDE3In0=','2015-12-07 00:09:18'),('rt38wj13pq7tqu9epnve6lid6x3jglgx','MTVjNjNhYzBkN2Y5MWY5Y2JiZjNjNTIyNmZlZWIyZWYzYTgyMjZkMTp7Il9hdXRoX3VzZXJfaWQiOiIxIiwiX2F1dGhfdXNlcl9oYXNoIjoiM2Q3ZGE2N2I2NjY0Yzg5Yjk2MjU5YWU0NzNjOTEyNTdlOGZiNzAxNyIsIl9hdXRoX3VzZXJfYmFja2VuZCI6ImRqYW5nby5jb250cmliLmF1dGguYmFja2VuZHMuTW9kZWxCYWNrZW5kIn0=','2016-10-24 01:32:23'),('sfx7jwjg0vw50jztqw9ulctnjxd1ztfz','NDBjYmM0YjQ1OTAyOTlkMDQ3MDgxYzMyNDk0NGVlNzQ4MGI0Zjc3Nzp7Il9hdXRoX3VzZXJfYmFja2VuZCI6ImRqYW5nby5jb250cmliLmF1dGguYmFja2VuZHMuTW9kZWxCYWNrZW5kIiwiX2F1dGhfdXNlcl9pZCI6IjEiLCJfYXV0aF91c2VyX2hhc2giOiIzZDdkYTY3YjY2NjRjODliOTYyNTlhZTQ3M2M5MTI1N2U4ZmI3MDE3In0=','2016-06-08 04:32:11'),('tsndxg6fghlffgxckv5t3fuggm138byx','YzJiNTQwODQ0MTBkMDQ1ZTAzZjNhNjkyNzgzMDkyNWVmYWM4ZWJiYTp7Il9hdXRoX3VzZXJfaWQiOiIxIiwiX2F1dGhfdXNlcl9iYWNrZW5kIjoiZGphbmdvLmNvbnRyaWIuYXV0aC5iYWNrZW5kcy5Nb2RlbEJhY2tlbmQiLCJfYXV0aF91c2VyX2hhc2giOiIzZDdkYTY3YjY2NjRjODliOTYyNTlhZTQ3M2M5MTI1N2U4ZmI3MDE3In0=','2015-11-22 16:36:58'),('ttdmbsd7pwg0zs3c30arofusjkewoi1s','NGZlMGJmMjBjYjIwOGRlODNmMDEzODljY2Y2MTFmN2Q5ZDc1YjMwYTp7Il9hdXRoX3VzZXJfaGFzaCI6IjNkN2RhNjdiNjY2NGM4OWI5NjI1OWFlNDczYzkxMjU3ZThmYjcwMTciLCJfYXV0aF91c2VyX2JhY2tlbmQiOiJkamFuZ28uY29udHJpYi5hdXRoLmJhY2tlbmRzLk1vZGVsQmFja2VuZCIsIl9hdXRoX3VzZXJfaWQiOiIxIn0=','2015-11-28 01:30:51'),('txepoy32l1k8pnlbu4dg6i5appifjn0i','ZTY5MGQxMmJmODg4NWM5YTFkYzU3ODhmMDJiNWYxNjk0NGEyZTRlMjp7Il9hdXRoX3VzZXJfaWQiOiI1IiwiX2F1dGhfdXNlcl9iYWNrZW5kIjoiZGphbmdvLmNvbnRyaWIuYXV0aC5iYWNrZW5kcy5Nb2RlbEJhY2tlbmQiLCJSRUdJU1RSQVRJT05fQVVUT19MT0dJTiI6dHJ1ZSwiX2F1dGhfdXNlcl9oYXNoIjoiNmIxOGM3M2UxZDMxOGViY2VlZGIyNTE2NmEwY2M0MGY3MThjM2RhMSJ9','2015-11-16 05:56:58'),('uoxg2i9womr5fk9o68ds00djsc9ddyu2','YzJiNTQwODQ0MTBkMDQ1ZTAzZjNhNjkyNzgzMDkyNWVmYWM4ZWJiYTp7Il9hdXRoX3VzZXJfaWQiOiIxIiwiX2F1dGhfdXNlcl9iYWNrZW5kIjoiZGphbmdvLmNvbnRyaWIuYXV0aC5iYWNrZW5kcy5Nb2RlbEJhY2tlbmQiLCJfYXV0aF91c2VyX2hhc2giOiIzZDdkYTY3YjY2NjRjODliOTYyNTlhZTQ3M2M5MTI1N2U4ZmI3MDE3In0=','2016-05-04 03:18:30'),('vn3fdagh61u9hmic64hd1iuzlvljhpm8','ZmFkMWJiM2JmODVjNTQ0ZTJkNWM4ZmE1MTQ0ZWE0YjNlMjBmMzdiNDp7Il9hdXRoX3VzZXJfaWQiOiI1IiwiX2F1dGhfdXNlcl9oYXNoIjoiNmIxOGM3M2UxZDMxOGViY2VlZGIyNTE2NmEwY2M0MGY3MThjM2RhMSIsIl9hdXRoX3VzZXJfYmFja2VuZCI6ImRqYW5nby5jb250cmliLmF1dGguYmFja2VuZHMuTW9kZWxCYWNrZW5kIn0=','2016-02-11 21:49:10'),('wbltrrngp9iqvjwwh5n60df2pcrjlzz0','ZjhkOGMzNjEzYmJmNmUzOTI4ZGRhZTFlYjUxMWU5M2I1MTM3NzM2Zjp7Il9hdXRoX3VzZXJfaGFzaCI6ImNkMmJlYmM4OGY4M2MxN2Y2NTg1YTViNDY2ZDA2MWM5NzIzZmIwMjMiLCJfYXV0aF91c2VyX2lkIjoiOCIsIl9hdXRoX3VzZXJfYmFja2VuZCI6ImRqYW5nby5jb250cmliLmF1dGguYmFja2VuZHMuTW9kZWxCYWNrZW5kIiwiUkVHSVNUUkFUSU9OX0FVVE9fTE9HSU4iOnRydWV9','2015-11-19 17:16:31'),('wtstedxlibaocnx28zabtcofh8lswl9m','NDBjYmM0YjQ1OTAyOTlkMDQ3MDgxYzMyNDk0NGVlNzQ4MGI0Zjc3Nzp7Il9hdXRoX3VzZXJfYmFja2VuZCI6ImRqYW5nby5jb250cmliLmF1dGguYmFja2VuZHMuTW9kZWxCYWNrZW5kIiwiX2F1dGhfdXNlcl9pZCI6IjEiLCJfYXV0aF91c2VyX2hhc2giOiIzZDdkYTY3YjY2NjRjODliOTYyNTlhZTQ3M2M5MTI1N2U4ZmI3MDE3In0=','2016-02-23 05:03:38'),('wxvd7bfaa59klxhsuy22q7vx34qwhbh6','MDQ5ZTBlYzdkOWQ0MzVkYWU5ZGY4YzdmMjk1MWIxNGEwNzNkM2E2Yjp7Il9hdXRoX3VzZXJfaGFzaCI6Ijg4MzE3M2E4MTdiNzk3OGRhNGRmNzJiMTI4NTVlZjI5NWJjMGM3NjQiLCJfYXV0aF91c2VyX2lkIjoiMiIsIl9hdXRoX3VzZXJfYmFja2VuZCI6ImRqYW5nby5jb250cmliLmF1dGguYmFja2VuZHMuTW9kZWxCYWNrZW5kIn0=','2015-10-28 01:39:29'),('x63j13ayku3x3c7qn000hwzo39dj3y36','YzJiNTQwODQ0MTBkMDQ1ZTAzZjNhNjkyNzgzMDkyNWVmYWM4ZWJiYTp7Il9hdXRoX3VzZXJfaWQiOiIxIiwiX2F1dGhfdXNlcl9iYWNrZW5kIjoiZGphbmdvLmNvbnRyaWIuYXV0aC5iYWNrZW5kcy5Nb2RlbEJhY2tlbmQiLCJfYXV0aF91c2VyX2hhc2giOiIzZDdkYTY3YjY2NjRjODliOTYyNTlhZTQ3M2M5MTI1N2U4ZmI3MDE3In0=','2016-05-23 03:44:26'),('y5219s0810p7e3271w8ex1lp9dmahrvo','YzJiNTQwODQ0MTBkMDQ1ZTAzZjNhNjkyNzgzMDkyNWVmYWM4ZWJiYTp7Il9hdXRoX3VzZXJfaWQiOiIxIiwiX2F1dGhfdXNlcl9iYWNrZW5kIjoiZGphbmdvLmNvbnRyaWIuYXV0aC5iYWNrZW5kcy5Nb2RlbEJhY2tlbmQiLCJfYXV0aF91c2VyX2hhc2giOiIzZDdkYTY3YjY2NjRjODliOTYyNTlhZTQ3M2M5MTI1N2U4ZmI3MDE3In0=','2016-04-19 02:36:14'),('yc5vakdqc61dnncqgglhke2cq2qcxonu','ODRlMWU1MzkzNWYzZDY1MzYyNmU1ZThlNjkxNzJiY2Y0NGQ2YzI0Yjp7Il9hdXRoX3VzZXJfaWQiOiIzIiwiX2F1dGhfdXNlcl9iYWNrZW5kIjoiZGphbmdvLmNvbnRyaWIuYXV0aC5iYWNrZW5kcy5Nb2RlbEJhY2tlbmQiLCJfYXV0aF91c2VyX2hhc2giOiI3ZTQ5MjFhMGE4MjY1NDlkYmJhZDI1MTU5MTIxNzRmM2IxNDRjMzBhIn0=','2015-11-11 20:00:04'),('yz6btuoxzdt0204pd2bqunzv9ej1nhnv','MTVjNjNhYzBkN2Y5MWY5Y2JiZjNjNTIyNmZlZWIyZWYzYTgyMjZkMTp7Il9hdXRoX3VzZXJfaWQiOiIxIiwiX2F1dGhfdXNlcl9oYXNoIjoiM2Q3ZGE2N2I2NjY0Yzg5Yjk2MjU5YWU0NzNjOTEyNTdlOGZiNzAxNyIsIl9hdXRoX3VzZXJfYmFja2VuZCI6ImRqYW5nby5jb250cmliLmF1dGguYmFja2VuZHMuTW9kZWxCYWNrZW5kIn0=','2016-10-10 21:07:58'),('zbal65v7gfac51mipj8z7xgbsqo301ll','MzcyMDcyYTI1NDgzYWM1NTU1NDVkMzhhYzI4NDJjYjVhMWRjOWY0Nzp7Il9hdXRoX3VzZXJfYmFja2VuZCI6ImRqYW5nby5jb250cmliLmF1dGguYmFja2VuZHMuTW9kZWxCYWNrZW5kIiwiX2F1dGhfdXNlcl9oYXNoIjoiYzk0N2U0OTJmMjYyNjRmOTYwNjc3YTFiZmNkZjZlZTFkZGNhNWVmMCIsIl9hdXRoX3VzZXJfaWQiOiIzIn0=','2015-10-25 16:06:41'),('zmwwz08zpzky2vz1kl56syaqejn6gb1f','NDJmZWZmNTUxYTc3NTJhMzE0MjdiYjE1YWFmYjk5ZGMyZWM4M2E1MDp7Il9hdXRoX3VzZXJfYmFja2VuZCI6ImRqYW5nby5jb250cmliLmF1dGguYmFja2VuZHMuTW9kZWxCYWNrZW5kIiwiX2F1dGhfdXNlcl9oYXNoIjoiM2Q3ZGE2N2I2NjY0Yzg5Yjk2MjU5YWU0NzNjOTEyNTdlOGZiNzAxNyIsIl9hdXRoX3VzZXJfaWQiOiIxIn0=','2016-01-25 03:04:02');
/*!40000 ALTER TABLE `django_session` ENABLE KEYS */;
UNLOCK TABLES;

--
-- Table structure for table `django_site`
--

DROP TABLE IF EXISTS `django_site`;
/*!40101 SET @saved_cs_client     = @@character_set_client */;
/*!40101 SET character_set_client = utf8 */;
CREATE TABLE `django_site` (
  `id` int(11) NOT NULL AUTO_INCREMENT,
  `domain` varchar(100) NOT NULL,
  `name` varchar(50) NOT NULL,
  PRIMARY KEY (`id`)
) ENGINE=InnoDB AUTO_INCREMENT=2 DEFAULT CHARSET=utf8;
/*!40101 SET character_set_client = @saved_cs_client */;

--
-- Dumping data for table `django_site`
--

LOCK TABLES `django_site` WRITE;
/*!40000 ALTER TABLE `django_site` DISABLE KEYS */;
INSERT INTO `django_site` VALUES (1,'sunorth.org','Sunorth');
/*!40000 ALTER TABLE `django_site` ENABLE KEYS */;
UNLOCK TABLES;

--
-- Table structure for table `event_event`
--

DROP TABLE IF EXISTS `event_event`;
/*!40101 SET @saved_cs_client     = @@character_set_client */;
/*!40101 SET character_set_client = utf8 */;
CREATE TABLE `event_event` (
  `id` int(11) NOT NULL AUTO_INCREMENT,
  `subject` varchar(500) NOT NULL,
  `tags` varchar(500) NOT NULL,
  `description` longtext NOT NULL,
  `do_time` datetime NOT NULL,
  `owner_id` int(11) DEFAULT NULL,
  PRIMARY KEY (`id`),
  KEY `event_event_owner_id_2f2156bdc0f5c768_fk_auth_user_id` (`owner_id`),
  CONSTRAINT `event_event_owner_id_2f2156bdc0f5c768_fk_auth_user_id` FOREIGN KEY (`owner_id`) REFERENCES `auth_user` (`id`)
) ENGINE=InnoDB AUTO_INCREMENT=3 DEFAULT CHARSET=utf8;
/*!40101 SET character_set_client = @saved_cs_client */;

--
-- Dumping data for table `event_event`
--

LOCK TABLES `event_event` WRITE;
/*!40000 ALTER TABLE `event_event` DISABLE KEYS */;
INSERT INTO `event_event` VALUES (1,'Hiking at fort 2 fort','hiking','<p>8:00am</p>\r\n\r\n<p>88 -&gt; 96 -&gt; transcanada trail - fort langley&nbsp;</p>\r\n\r\n<p>have &nbsp;a coffee</p>\r\n\r\n<p><img alt=\"\" src=\"/static/media/uploads/2015/10/16/fort2fort.PNG\" style=\"height:489px; width:600px\" /></p>\r\n','2015-10-17 03:00:00',1),(2,'Hiking at fort 2 fort','hiking','<p>8:00am</p>\r\n\r\n<p>88ave - 96ave - transCanada trail - fort langley</p>\r\n\r\n<p><img alt=\"\" src=\"/static/media/uploads/2015/10/16/fort2fort.PNG\" style=\"height:489px; width:600px\" /></p>\r\n','2015-10-17 03:00:00',1);
/*!40000 ALTER TABLE `event_event` ENABLE KEYS */;
UNLOCK TABLES;

--
-- Table structure for table `gallery_gallery`
--

DROP TABLE IF EXISTS `gallery_gallery`;
/*!40101 SET @saved_cs_client     = @@character_set_client */;
/*!40101 SET character_set_client = utf8 */;
CREATE TABLE `gallery_gallery` (
  `id` int(11) NOT NULL AUTO_INCREMENT,
  `photo` varchar(100) NOT NULL,
  `story` varchar(200) NOT NULL,
  `rate` int(11) NOT NULL,
  `createtime` datetime NOT NULL,
  `photographer_id` int(11) NOT NULL,
  PRIMARY KEY (`id`),
  KEY `gallery_gallery_photographer_id_7cf2fc6c4b38bffb_fk_auth_user_id` (`photographer_id`),
  CONSTRAINT `gallery_gallery_photographer_id_7cf2fc6c4b38bffb_fk_auth_user_id` FOREIGN KEY (`photographer_id`) REFERENCES `auth_user` (`id`)
) ENGINE=InnoDB AUTO_INCREMENT=69 DEFAULT CHARSET=utf8;
/*!40101 SET character_set_client = @saved_cs_client */;

--
-- Dumping data for table `gallery_gallery`
--

LOCK TABLES `gallery_gallery` WRITE;
/*!40000 ALTER TABLE `gallery_gallery` DISABLE KEYS */;
INSERT INTO `gallery_gallery` VALUES (1,'gallery/2015/11/26/IMG_20151125_090304546_HDR.jpg','暖暖的早晨',0,'2015-11-26 05:53:48',1),(2,'gallery/2015/11/26/IMG_20151124_090618029_HDR.jpg','宛如仙境',0,'2015-11-26 05:57:47',1),(3,'gallery/2015/11/28/IMG_20150822_135204590.jpg','花已凋谢，风景犹存',0,'2015-11-28 17:33:40',1),(4,'gallery/2015/11/29/IMG_20151128_121252772_HDR.jpg','Deep Cove ',0,'2015-11-29 02:56:33',1),(5,'gallery/2015/11/30/IMG_20151129_120559261.jpg','Fleetwood ',0,'2015-11-30 02:03:49',1),(6,'gallery/2015/12/02/IMG_20151202_084355396.jpg','隔断巫山云雨',0,'2015-12-02 17:03:15',1),(7,'gallery/2015/12/03/IMG_20151203_161117615_HDR.jpg','乌云压境，劲风骤起，今年温哥华风多了',0,'2015-12-04 00:18:48',1),(8,'gallery/2015/12/04/IMG_20151204_082425089.jpg','圣诞早餐',0,'2015-12-04 17:03:21',1),(9,'gallery/2015/12/05/IMG_20151205_103414816.jpg','有一天，陆龟遇到海龟…',0,'2015-12-05 18:37:11',1),(10,'gallery/2015/12/06/IMG_20151206_125842361_HDR.jpg','河边',0,'2015-12-07 01:12:30',1),(11,'gallery/2015/12/06/IMG_20151206_143909123_HDR.jpg','滩涂',0,'2015-12-07 01:14:03',1),(12,'gallery/2015/12/06/IMG_20151206_144420729.jpg','宁静的庄园',0,'2015-12-07 01:15:22',1),(13,'gallery/2015/12/09/IMG_20151208_182133038.jpg','圣诞装饰',0,'2015-12-09 05:59:09',1),(14,'gallery/2015/12/09/IMG_20151209_080807331.jpg','见长了',0,'2015-12-09 16:11:35',1),(15,'gallery/2015/12/11/IMG_20151211_085341463_HDR.jpg','多希望周末延续好天气',0,'2015-12-11 17:36:48',1),(16,'gallery/2015/12/12/IMG_20151101_073939907.jpg','为什么徒步？因为路在那里。致',0,'2015-12-12 16:23:37',1),(17,'gallery/2015/12/14/IMG_20151213_120821535.jpg','Blackcomb',0,'2015-12-14 02:55:21',1),(18,'gallery/2015/12/18/471407_314276455345131_812838466_o.jpg','2012-12-18 来温哥华后的第一场雪',0,'2015-12-18 17:29:10',1),(19,'gallery/2015/12/21/878808726540224129.jpg','劈柴，篝火',0,'2015-12-21 02:49:45',1),(20,'gallery/2015/12/23/IMG_20151223_095005803.jpg','又添新装备',0,'2015-12-23 18:57:28',1),(21,'gallery/2015/12/24/IMG_20151224_141143530.jpg','Merry Christmas',0,'2015-12-24 22:44:36',1),(22,'gallery/2015/12/25/microMsg.1451076929381.jpg','nice weather on Christmas Day ',0,'2015-12-26 01:27:32',1),(23,'gallery/2015/12/29/IMG_20151229_123801941.jpg','久违的蓝天',0,'2015-12-29 20:53:18',1),(24,'gallery/2015/12/31/34970444526624927.jpg','那只期盼已久的羊',0,'2016-01-01 00:33:51',1),(25,'gallery/2016/01/02/IMG_20160101_131618962_HDR.jpg','新年伊始',0,'2016-01-02 05:38:36',1),(26,'gallery/2016/01/02/IMG_20160102_091714791.jpg','恍如东北',0,'2016-01-02 17:21:55',1),(27,'gallery/2016/01/04/IMG_20160104_085458958.jpg','2016年的第一场雪',0,'2016-01-04 17:41:41',1),(28,'gallery/2016/01/11/IMG_20160110_103730648.jpg','这么好的天怎能不户外？',0,'2016-01-11 03:05:57',1),(29,'gallery/2016/01/20/380036484493628989.jpg','自行研发羊腿烤架',0,'2016-01-20 04:43:38',1),(30,'gallery/2016/01/24/mmexport1453602337573.jpg','欢乐的周末烤羊腿',0,'2016-01-24 02:29:08',1),(31,'gallery/2016/01/24/IMG_20160124_114826472.jpg','绿野',0,'2016-01-24 21:09:56',1),(32,'gallery/2016/02/09/IMG_20160208_152743734.jpg','难得好天气，十六度啊',0,'2016-02-09 05:05:50',1),(33,'gallery/2016/02/13/IMG_20160213_103100816_HDR.jpg','开始新的运动',0,'2016-02-14 01:21:27',1),(34,'gallery/2016/02/21/IMG_20160220_154936878_HDR.jpg','Queen Elizabeth',0,'2016-02-21 04:58:18',1),(35,'gallery/2016/03/06/IMG_20160306_102611965.jpg','天要晴，好天气 rowing',0,'2016-03-06 18:34:37',1),(36,'gallery/2016/03/14/IMG_20160314_113914249.jpg','Million View',0,'2016-03-14 20:12:27',1),(37,'gallery/2016/03/20/IMG_20160319_152235335_HDR.jpg','又是一年樱花开',0,'2016-03-20 18:46:52',1),(38,'gallery/2016/03/26/IMG_20160324_174616143_HDR.jpg','被圈的日子，只看这一片风景',0,'2016-03-27 00:11:11',1),(39,'gallery/2016/03/28/IMG_20160328_150805778.jpg','这么好的天却不能hiking',0,'2016-03-28 23:25:29',1),(40,'gallery/2016/04/19/IMG_20160419_191302486_HDR.jpg','宁静的傍晚，河边，好段时间没了来了',0,'2016-04-20 02:20:22',1),(41,'gallery/2016/04/22/IMG_20160421_195659163_HDR.jpg','夕阳西下',0,'2016-04-22 03:37:09',1),(42,'gallery/2016/04/23/IMG_20160423_114049016_HDR.jpg','小鱼自由',0,'2016-04-23 19:19:27',1),(43,'gallery/2016/04/24/IMG_20160424_165046766.jpg','宁静的绿',0,'2016-04-25 01:57:22',1),(44,'gallery/2016/04/30/IMG_20160430_152228483.jpg','照片中有个秘密',0,'2016-05-01 02:27:52',1),(45,'gallery/2016/05/02/IMG_20160501_192420904.jpg','恍如江南水乡',0,'2016-05-02 03:57:35',1),(46,'gallery/2016/05/21/IMG_20160520_184305410_HDR.jpg','心随天变',0,'2016-05-21 14:38:33',1),(47,'gallery/2016/05/23/IMG_20160523_113519197.jpg','May Day! May Day!',0,'2016-05-24 02:03:38',1),(48,'gallery/2016/06/08/IMG_20160608_185519990.jpg','雨过天晴',0,'2016-06-09 01:57:17',1),(49,'gallery/2016/06/16/IMG_20160616_142124400.jpg','Cloud , private or public?',0,'2016-06-16 21:59:46',1),(51,'gallery/2016/07/24/IMG_20160723_141150909_HDR.jpg','Lynn peak',0,'2016-07-24 03:57:16',1),(52,'gallery/2016/07/25/IMG_20160724_153034126.jpg','人山人海的 Belcarra',0,'2016-07-25 05:42:50',1),(53,'gallery/2016/07/31/IMG_20160730_140736047.jpg','大河奔流',0,'2016-07-31 05:53:24',1),(54,'gallery/2016/07/31/IMG_20160731_134814939.jpg','HSCT 途中看Howe Sound',0,'2016-08-01 01:49:55',1),(55,'gallery/2016/07/31/IMG_20160731_132012496_HDR.jpg','Horseshoe Bay ',0,'2016-08-01 01:51:39',1),(56,'gallery/2016/07/31/IMG_20160731_153947481_HDR.jpg','Yew Lake',0,'2016-08-01 01:53:15',1),(57,'gallery/2016/08/01/IMG_20160801_130557685.jpg','BC from Fort Langley',0,'2016-08-01 20:52:09',1),(58,'gallery/2016/08/07/IMG_20160806_152424416_HDR.jpg','期待的山花烂漫',0,'2016-08-08 02:08:50',1),(59,'gallery/2016/08/07/IMG_20160807_100833191_HDR.jpg','宁静的lightning lake',0,'2016-08-08 02:20:05',1),(60,'gallery/2016/08/07/IMG_20160807_151215516_HDR.jpg','hope landslide',0,'2016-08-08 02:37:09',1),(61,'gallery/2016/08/07/IMG_20160807_160853366.jpg','Bridal Falls',0,'2016-08-08 02:40:26',1),(62,'gallery/2016/08/08/IMG_20160806_150710042_HDR.jpg','Bighorns 营地',0,'2016-08-08 03:04:42',1),(63,'gallery/2016/08/08/IMG_20160806_102932808.jpg','我们的营地',0,'2016-08-08 03:20:36',1),(64,'gallery/2016/09/20/IMG_20160920_084426.jpg','又恢复了宁静',0,'2016-09-20 16:16:11',1),(65,'gallery/2016/09/25/IMG_20160925_130457.jpg','下海',0,'2016-09-26 02:45:44',1),(66,'gallery/2016/10/02/IMG_20161002_140431.jpg','Science World',0,'2016-10-03 01:04:28',1),(67,'gallery/2016/10/09/IMG_20161009_123907.jpg','美丽的秋天',0,'2016-10-10 01:33:00',1),(68,'gallery/2016/10/10/IMG_20161010_142815.jpg','色',0,'2016-10-10 21:30:05',1);
/*!40000 ALTER TABLE `gallery_gallery` ENABLE KEYS */;
UNLOCK TABLES;

--
-- Table structure for table `registration_registrationprofile`
--

DROP TABLE IF EXISTS `registration_registrationprofile`;
/*!40101 SET @saved_cs_client     = @@character_set_client */;
/*!40101 SET character_set_client = utf8 */;
CREATE TABLE `registration_registrationprofile` (
  `id` int(11) NOT NULL AUTO_INCREMENT,
  `activation_key` varchar(40) NOT NULL,
  `user_id` int(11) NOT NULL,
  PRIMARY KEY (`id`),
  UNIQUE KEY `user_id` (`user_id`),
  CONSTRAINT `registration_registrati_user_id_6c3f3854d0bcb04f_fk_auth_user_id` FOREIGN KEY (`user_id`) REFERENCES `auth_user` (`id`)
) ENGINE=InnoDB AUTO_INCREMENT=16 DEFAULT CHARSET=utf8;
/*!40101 SET character_set_client = @saved_cs_client */;

--
-- Dumping data for table `registration_registrationprofile`
--

LOCK TABLES `registration_registrationprofile` WRITE;
/*!40000 ALTER TABLE `registration_registrationprofile` DISABLE KEYS */;
INSERT INTO `registration_registrationprofile` VALUES (1,'ALREADY_ACTIVATED',2),(2,'ALREADY_ACTIVATED',3),(3,'ALREADY_ACTIVATED',4),(4,'ALREADY_ACTIVATED',5),(6,'ALREADY_ACTIVATED',7),(7,'ALREADY_ACTIVATED',8),(8,'8276d980e000dd4af3329e719c5dd751af65c223',9),(9,'ALREADY_ACTIVATED',10),(10,'f15bb9c9aea613d44feb08c3695a20038917cdba',11),(11,'25eb7fec0c67f83a44703f4aec880c1f74d113ef',12),(12,'ALREADY_ACTIVATED',13),(13,'ALREADY_ACTIVATED',14),(14,'0086fc0da14180d669a18aa5c376883d411487f9',15),(15,'345b58f0c7b1dcb9e996e8721d685e49065cff51',16);
/*!40000 ALTER TABLE `registration_registrationprofile` ENABLE KEYS */;
UNLOCK TABLES;

--
-- Table structure for table `thumbnail_kvstore`
--

DROP TABLE IF EXISTS `thumbnail_kvstore`;
/*!40101 SET @saved_cs_client     = @@character_set_client */;
/*!40101 SET character_set_client = utf8 */;
CREATE TABLE `thumbnail_kvstore` (
  `key` varchar(200) NOT NULL,
  `value` longtext NOT NULL,
  PRIMARY KEY (`key`)
) ENGINE=InnoDB DEFAULT CHARSET=utf8;
/*!40101 SET character_set_client = @saved_cs_client */;

--
-- Dumping data for table `thumbnail_kvstore`
--

LOCK TABLES `thumbnail_kvstore` WRITE;
/*!40000 ALTER TABLE `thumbnail_kvstore` DISABLE KEYS */;
INSERT INTO `thumbnail_kvstore` VALUES ('sorl-thumbnail||image||001bc996964f8027ae144c07b35638d8','{\"storage\": \"django.core.files.storage.FileSystemStorage\", \"name\": \"cache/ba/3c/ba3c3bb3a269ff36adbc36412435beb5.jpg\", \"size\": [800, 250]}'),('sorl-thumbnail||image||00d0d38ea0e676c23ea7c006ab8b2e98','{\"size\": [700, 400], \"storage\": \"django.core.files.storage.FileSystemStorage\", \"name\": \"cache/8b/2c/8b2c19d169371212387abb10b6d885ad.jpg\"}'),('sorl-thumbnail||image||0228075c46f6099888312d3a59c62fec','{\"size\": [300, 230], \"storage\": \"django.core.files.storage.FileSystemStorage\", \"name\": \"cache/18/77/18771e3c9ffeee47fe746dede521c1a6.jpg\"}'),('sorl-thumbnail||image||03d3d0760f0c95a886a42509f0c53526','{\"storage\": \"django.core.files.storage.FileSystemStorage\", \"name\": \"cache/59/33/5933a950796b30f273ae65817a01818e.jpg\", \"size\": [800, 250]}'),('sorl-thumbnail||image||04168fb1678e550db3e1ee15a7a85a72','{\"size\": [800, 250], \"storage\": \"django.core.files.storage.FileSystemStorage\", \"name\": \"cache/63/99/6399da0a1368f812c0de69434f0c1c8a.jpg\"}'),('sorl-thumbnail||image||06b9d3abe14442ca6ae9049b98fd80de','{\"name\": \"gallery/2016/06/16/IMG_20160616_142124400.jpg\", \"storage\": \"django.core.files.storage.FileSystemStorage\", \"size\": [3264, 1836]}'),('sorl-thumbnail||image||07a8d08f985c6caaa0b549fa9203fce0','{\"name\": \"cache/32/bf/32bf5a0e565d79cf802358a71bfbfa41.jpg\", \"storage\": \"django.core.files.storage.FileSystemStorage\", \"size\": [800, 250]}'),('sorl-thumbnail||image||07f13a0bdea29b77464248700067c630','{\"size\": [800, 250], \"storage\": \"django.core.files.storage.FileSystemStorage\", \"name\": \"cache/62/e2/62e223f1d1a82d9f8a4a16a1035b6258.jpg\"}'),('sorl-thumbnail||image||09ba446b8e5572deb7d6e3f4063088ed','{\"size\": [800, 250], \"storage\": \"django.core.files.storage.FileSystemStorage\", \"name\": \"cache/15/e6/15e652966b54ef63e5d12c1d9946e136.jpg\"}'),('sorl-thumbnail||image||0a1401476e434e1b3b16d382e8d3bce1','{\"storage\": \"django.core.files.storage.FileSystemStorage\", \"name\": \"cache/41/65/41653e72ca8a8463278c4870da5c0f18.jpg\", \"size\": [800, 250]}'),('sorl-thumbnail||image||0b45fea91f5cadcbd367ba3c014e3f06','{\"size\": [3968, 2976], \"storage\": \"django.core.files.storage.FileSystemStorage\", \"name\": \"gallery/2016/10/09/IMG_20161009_123907.jpg\"}'),('sorl-thumbnail||image||0bc71221a8901aee2f12b966b5fac66e','{\"storage\": \"django.core.files.storage.FileSystemStorage\", \"name\": \"cache/2c/d3/2cd36c0c60df0d57526d7d3d9276ceba.jpg\", \"size\": [300, 230]}'),('sorl-thumbnail||image||0c256ff560d40c00570ba118e1b4b079','{\"size\": [3264, 2448], \"storage\": \"django.core.files.storage.FileSystemStorage\", \"name\": \"gallery/2016/01/04/IMG_20160104_085458958.jpg\"}'),('sorl-thumbnail||image||0c9d617238e49ac38d129c3467d0b5f0','{\"name\": \"cache/53/0f/530f914bf38b93e6a08b729cdc1357df.jpg\", \"storage\": \"django.core.files.storage.FileSystemStorage\", \"size\": [300, 230]}'),('sorl-thumbnail||image||0ef329f0bc1e55f7957b2096b44e5121','{\"size\": [800, 250], \"storage\": \"django.core.files.storage.FileSystemStorage\", \"name\": \"cache/8a/87/8a8778ddb5d71b1833080c16cb7a27d6.jpg\"}'),('sorl-thumbnail||image||104362a7c38d05fb68eb57bc0cdfc12b','{\"size\": [800, 250], \"name\": \"cache/df/1a/df1ab8665372bb2e5819f2126d0a7a62.jpg\", \"storage\": \"django.core.files.storage.FileSystemStorage\"}'),('sorl-thumbnail||image||13cb7edadf66974819a830f8d19fe6e8','{\"storage\": \"django.core.files.storage.FileSystemStorage\", \"size\": [800, 250], \"name\": \"cache/53/fb/53fb001a28e9a60b13b33a6abfacc1d9.jpg\"}'),('sorl-thumbnail||image||13e604ae0a653878e527b200c7d8c23b','{\"storage\": \"django.core.files.storage.FileSystemStorage\", \"name\": \"cache/9b/51/9b51632ec462d6a026c3aec5dbd562e1.jpg\", \"size\": [800, 250]}'),('sorl-thumbnail||image||15ae5437d3e5aac3a28db9489d13761c','{\"name\": \"gallery/2016/05/23/IMG_20160523_113519197.jpg\", \"storage\": \"django.core.files.storage.FileSystemStorage\", \"size\": [3264, 1836]}'),('sorl-thumbnail||image||173db30fce6f85cb92f2695c71f08200','{\"name\": \"gallery/2016/03/06/IMG_20160306_102611965.jpg\", \"storage\": \"django.core.files.storage.FileSystemStorage\", \"size\": [3264, 2448]}'),('sorl-thumbnail||image||187ca4a8d16c02705df80cdee474d8cd','{\"size\": [300, 230], \"storage\": \"django.core.files.storage.FileSystemStorage\", \"name\": \"cache/ba/f2/baf2174c7352fcc3a439a0ea62ebe626.jpg\"}'),('sorl-thumbnail||image||18ca6f0cb8761c80f3864373c6e2b520','{\"size\": [300, 230], \"storage\": \"django.core.files.storage.FileSystemStorage\", \"name\": \"cache/be/d8/bed886d8b92d675f00cd42dba7e2edd8.jpg\"}'),('sorl-thumbnail||image||1944c4d81949e8b46b2ef63c9699b830','{\"size\": [300, 230], \"storage\": \"django.core.files.storage.FileSystemStorage\", \"name\": \"cache/41/e4/41e414118b03478f6940546b3bb1d231.jpg\"}'),('sorl-thumbnail||image||195195bbd2215e356975a27f7406fe80','{\"name\": \"cache/41/b2/41b2c945c5a6c88d4398717d9bb31700.jpg\", \"size\": [700, 400], \"storage\": \"django.core.files.storage.FileSystemStorage\"}'),('sorl-thumbnail||image||1ba6fee0ebeace8e7c414932616d1244','{\"size\": [300, 230], \"name\": \"cache/1a/4b/1a4b92aedcb4d0d0500f387e3133dc76.jpg\", \"storage\": \"django.core.files.storage.FileSystemStorage\"}'),('sorl-thumbnail||image||1e73f1ff45292b61b7c1d4b365fe0318','{\"size\": [800, 250], \"name\": \"cache/06/de/06de9d40875838ec15cb22704bb88d54.jpg\", \"storage\": \"django.core.files.storage.FileSystemStorage\"}'),('sorl-thumbnail||image||2048e36e982b9d3ac683062e7cb7f5f6','{\"size\": [1677, 943], \"storage\": \"django.core.files.storage.FileSystemStorage\", \"name\": \"gallery/2015/11/26/IMG_20151124_090618029_HDR.jpg\"}'),('sorl-thumbnail||image||204eb92dc289b6ea95ea92959bfa614a','{\"size\": [800, 250], \"name\": \"cache/5e/11/5e1197fa0122823721447377b713ee6f.jpg\", \"storage\": \"django.core.files.storage.FileSystemStorage\"}'),('sorl-thumbnail||image||20bba8844f52da846c2c8a970f907fdb','{\"size\": [300, 230], \"storage\": \"django.core.files.storage.FileSystemStorage\", \"name\": \"cache/a7/7e/a77e0647d19a13835c7d48cbe663d7d8.jpg\"}'),('sorl-thumbnail||image||20cb75033ea471da2ff0785bab4229c5','{\"storage\": \"django.core.files.storage.FileSystemStorage\", \"name\": \"cache/a5/ae/a5aed272fdeccba7fa8aa29c8d0de93b.jpg\", \"size\": [300, 230]}'),('sorl-thumbnail||image||20cdc81593294af6c064b28680ec4453','{\"storage\": \"django.core.files.storage.FileSystemStorage\", \"name\": \"cache/e5/ea/e5ea5c93c987bbe415025c2b3a85549d.jpg\", \"size\": [300, 230]}'),('sorl-thumbnail||image||21a1342baa85d54afe4eb874ea4bf3d0','{\"size\": [800, 250], \"storage\": \"django.core.files.storage.FileSystemStorage\", \"name\": \"cache/9e/53/9e53c7f1b1544ce15fe4c800c1abdafe.jpg\"}'),('sorl-thumbnail||image||231c70d397df0ebd8685f3ec8d70e335','{\"storage\": \"django.core.files.storage.FileSystemStorage\", \"name\": \"gallery/2016/02/09/IMG_20160208_152743734.jpg\", \"size\": [3264, 2448]}'),('sorl-thumbnail||image||23e211dd7855817fd6fbfac846c66367','{\"size\": [300, 230], \"storage\": \"django.core.files.storage.FileSystemStorage\", \"name\": \"cache/ff/45/ff45304ff19c6adfe819dd80f21736a7.jpg\"}'),('sorl-thumbnail||image||27df8cc384069103b7c36ef3b6a11bff','{\"name\": \"cache/85/40/854087621bf85c785564e15b47ebc51f.jpg\", \"storage\": \"django.core.files.storage.FileSystemStorage\", \"size\": [800, 250]}'),('sorl-thumbnail||image||28260b3e270d7ade6d5dbe97b897941e','{\"size\": [300, 230], \"storage\": \"django.core.files.storage.FileSystemStorage\", \"name\": \"cache/33/fb/33fbcd7115d48c0c091495c672f2a4c7.jpg\"}'),('sorl-thumbnail||image||2a3811d5438a2158047d3f39ecbe76e7','{\"name\": \"cache/4c/af/4caf8eb0ef142a1363cdc7ca79dd05b6.jpg\", \"size\": [300, 230], \"storage\": \"django.core.files.storage.FileSystemStorage\"}'),('sorl-thumbnail||image||2ab069896a51edbe9bcdb5702237e040','{\"size\": [3264, 1836], \"storage\": \"django.core.files.storage.FileSystemStorage\", \"name\": \"gallery/2016/07/31/IMG_20160731_132012496_HDR.jpg\"}'),('sorl-thumbnail||image||2d12dde838a8f6835128374a88b4d691','{\"size\": [3264, 1836], \"storage\": \"django.core.files.storage.FileSystemStorage\", \"name\": \"gallery/2015/12/25/microMsg.1451076929381.jpg\"}'),('sorl-thumbnail||image||2ea34f1d0e20985363933b9906a356f9','{\"size\": [800, 250], \"name\": \"cache/66/09/660956d7f11451e9a9c830ea18a5de6e.jpg\", \"storage\": \"django.core.files.storage.FileSystemStorage\"}'),('sorl-thumbnail||image||2f0a74517de88d1ba753cea493043382','{\"size\": [300, 230], \"storage\": \"django.core.files.storage.FileSystemStorage\", \"name\": \"cache/1e/59/1e59aa7a2a0b9d575e1c1f5556bf0e6e.jpg\"}'),('sorl-thumbnail||image||305d9cc31ca555267b0c79f56cf959f8','{\"size\": [1600, 1200], \"storage\": \"django.core.files.storage.FileSystemStorage\", \"name\": \"gallery/2016/07/07/IMG-20160706-WA0001.jpg\"}'),('sorl-thumbnail||image||328b880e2aebcb47433a9f3b8c81dd53','{\"size\": [3264, 1836], \"storage\": \"django.core.files.storage.FileSystemStorage\", \"name\": \"gallery/2016/08/07/IMG_20160807_151215516_HDR.jpg\"}'),('sorl-thumbnail||image||33924816ff6c548c524322c9aed45a09','{\"storage\": \"django.core.files.storage.FileSystemStorage\", \"name\": \"cache/a6/8e/a68e212411bb9189e0baf6fd89f98bd2.jpg\", \"size\": [300, 230]}'),('sorl-thumbnail||image||35bb55bcc9c76c8236ed2168c2993ac0','{\"storage\": \"django.core.files.storage.FileSystemStorage\", \"name\": \"cache/01/99/0199fc5a443269be2ec3088023e1088c.jpg\", \"size\": [800, 250]}'),('sorl-thumbnail||image||3ba04c552c330536de5d9ed08f8e2830','{\"storage\": \"django.core.files.storage.FileSystemStorage\", \"name\": \"cache/27/60/276046b220b800ba71de18906b5bb11f.jpg\", \"size\": [300, 230]}'),('sorl-thumbnail||image||3bf265b5b5dae1e51ab293b908f58362','{\"size\": [1677, 943], \"storage\": \"django.core.files.storage.FileSystemStorage\", \"name\": \"gallery/2015/11/26/IMG_20151125_090304546_HDR.jpg\"}'),('sorl-thumbnail||image||3c806815578ede99ce39be2f92fe338d','{\"storage\": \"django.core.files.storage.FileSystemStorage\", \"size\": [300, 230], \"name\": \"cache/45/f9/45f9dbf93d23e6aae25838f73749c3ed.jpg\"}'),('sorl-thumbnail||image||3c8518b7df6d08d83cfb99db8f4a9442','{\"size\": [800, 250], \"storage\": \"django.core.files.storage.FileSystemStorage\", \"name\": \"cache/d9/5c/d95c03367e5220f7970408aadaac7886.jpg\"}'),('sorl-thumbnail||image||3d03e9a3416d38fb60ac9fbfbf0083cc','{\"storage\": \"django.core.files.storage.FileSystemStorage\", \"size\": [800, 250], \"name\": \"cache/63/e7/63e7c91639795e343d4b6969d08b9ba4.jpg\"}'),('sorl-thumbnail||image||3d379862407f48af9f581caa31736e08','{\"size\": [300, 230], \"storage\": \"django.core.files.storage.FileSystemStorage\", \"name\": \"cache/41/bc/41bcd9eff55fd91fd480337657b57258.jpg\"}'),('sorl-thumbnail||image||407daaaf4e126b5922f75ff8f0351bcb','{\"size\": [300, 230], \"storage\": \"django.core.files.storage.FileSystemStorage\", \"name\": \"cache/45/cb/45cb812951e772c3be0277eb83c5d821.jpg\"}'),('sorl-thumbnail||image||40e738c37b11dc73ff79be7fb9af2548','{\"size\": [700, 400], \"storage\": \"django.core.files.storage.FileSystemStorage\", \"name\": \"cache/69/99/69991200266d46dc7b505753fc2bc833.jpg\"}'),('sorl-thumbnail||image||4286e5e01742c5223185aa53a9beb264','{\"name\": \"cache/05/ff/05ffa12152364a7873021bd41fd4be60.jpg\", \"storage\": \"django.core.files.storage.FileSystemStorage\", \"size\": [800, 250]}'),('sorl-thumbnail||image||44062825160d77c413281bba536aa37e','{\"name\": \"cache/c8/05/c805e7a488395d67a0a0ce027c277af1.jpg\", \"storage\": \"django.core.files.storage.FileSystemStorage\", \"size\": [300, 230]}'),('sorl-thumbnail||image||453214938fea8ac7abe5349c791dc58e','{\"size\": [800, 250], \"name\": \"cache/97/c1/97c1442ea5c5cfe6831cc5e4dffc32bc.jpg\", \"storage\": \"django.core.files.storage.FileSystemStorage\"}'),('sorl-thumbnail||image||45b6588c62e3f5f0d5bf0848f9225dc9','{\"storage\": \"django.core.files.storage.FileSystemStorage\", \"size\": [300, 230], \"name\": \"cache/f7/69/f7696e750941aab8a0e0ffb7c16ff2b3.jpg\"}'),('sorl-thumbnail||image||4727f07c4998003894a4167656527a36','{\"size\": [800, 250], \"storage\": \"django.core.files.storage.FileSystemStorage\", \"name\": \"cache/49/aa/49aa170510e21d4ef0f3ee30d75c7080.jpg\"}'),('sorl-thumbnail||image||47dbb20f4f193d91ee30cf42a5458b94','{\"size\": [300, 230], \"storage\": \"django.core.files.storage.FileSystemStorage\", \"name\": \"cache/75/6d/756dc62f952d2b5b650f139f5c5a70fe.jpg\"}'),('sorl-thumbnail||image||4850acd5e5d5caaa00db9ae5b3e3ff04','{\"size\": [800, 250], \"storage\": \"django.core.files.storage.FileSystemStorage\", \"name\": \"cache/49/54/49546e94da5a33c74d31277d4b56aab7.jpg\"}'),('sorl-thumbnail||image||4accf07502c231a1e8f997ed06a598f3','{\"size\": [300, 230], \"name\": \"cache/69/2a/692a6a66efe15c83420ca0027ee9f882.jpg\", \"storage\": \"django.core.files.storage.FileSystemStorage\"}'),('sorl-thumbnail||image||4d1c3f8ca28394ab771f3d752add8ebd','{\"size\": [3264, 1836], \"storage\": \"django.core.files.storage.FileSystemStorage\", \"name\": \"gallery/2016/08/07/IMG_20160806_152424416_HDR.jpg\"}'),('sorl-thumbnail||image||5006f6b0c90569d7eb4bca5d18313ea3','{\"name\": \"cache/b8/45/b845a6dd9c9bbf87d0e0aee3aeae2cf8.jpg\", \"size\": [700, 400], \"storage\": \"django.core.files.storage.FileSystemStorage\"}'),('sorl-thumbnail||image||508763f813e18797f4e614751640814b','{\"size\": [3264, 1836], \"storage\": \"django.core.files.storage.FileSystemStorage\", \"name\": \"gallery/2015/12/24/IMG_20151224_141143530.jpg\"}'),('sorl-thumbnail||image||52317ddaa5b0c3f9020d019354c35364','{\"name\": \"cache/e5/cc/e5ccc044f596c83c2f663da4e3a0f948.jpg\", \"size\": [700, 400], \"storage\": \"django.core.files.storage.FileSystemStorage\"}'),('sorl-thumbnail||image||5480d08330d9baa85f55e315328beca6','{\"size\": [1280, 960], \"storage\": \"django.core.files.storage.FileSystemStorage\", \"name\": \"gallery/2015/12/21/878808726540224129.jpg\"}'),('sorl-thumbnail||image||55d42c5b79cf0a2b54488d0ff53edf6c','{\"size\": [800, 250], \"name\": \"cache/87/19/8719e63fae059cb24c59aa86a5768b82.jpg\", \"storage\": \"django.core.files.storage.FileSystemStorage\"}'),('sorl-thumbnail||image||567eb755335d1781a0921d7d1d097647','{\"name\": \"gallery/2015/12/09/IMG_20151209_080807331.jpg\", \"size\": [3264, 1836], \"storage\": \"django.core.files.storage.FileSystemStorage\"}'),('sorl-thumbnail||image||56a64f7791ae148689942681f010db40','{\"name\": \"cache/53/87/5387263bc34a4dea2179cf647d18ff26.jpg\", \"storage\": \"django.core.files.storage.FileSystemStorage\", \"size\": [300, 230]}'),('sorl-thumbnail||image||56f0f57931c9c30b9bbcf948ed7bff21','{\"size\": [700, 400], \"storage\": \"django.core.files.storage.FileSystemStorage\", \"name\": \"cache/92/14/9214a9553f9f32bfdac3b46684b7a886.jpg\"}'),('sorl-thumbnail||image||5743adb99f6fdb44c9c2f86932701cd4','{\"storage\": \"django.core.files.storage.FileSystemStorage\", \"name\": \"cache/0b/ef/0bef081edd721bcec903354378c9da4c.jpg\", \"size\": [300, 230]}'),('sorl-thumbnail||image||57d0f0cd81a97851b0607880407751d4','{\"name\": \"cache/c4/2a/c42a477e72ac30e8e7a7f8962f81f284.jpg\", \"size\": [300, 230], \"storage\": \"django.core.files.storage.FileSystemStorage\"}'),('sorl-thumbnail||image||58f28d05b29806f9a62278191ffaacca','{\"name\": \"gallery/2016/09/25/IMG_20160925_130457.jpg\", \"size\": [3968, 2976], \"storage\": \"django.core.files.storage.FileSystemStorage\"}'),('sorl-thumbnail||image||59d2a59bac3adccad4d3b705f69ddf53','{\"name\": \"cache/e4/54/e45469e74403640914c4a128a3ca5cc9.jpg\", \"storage\": \"django.core.files.storage.FileSystemStorage\", \"size\": [300, 230]}'),('sorl-thumbnail||image||5a2f8b79309fe41100a0e2a0134ef3b9','{\"size\": [800, 250], \"name\": \"cache/19/dd/19dd52f07b0aedcf0fa65baf36e958d7.jpg\", \"storage\": \"django.core.files.storage.FileSystemStorage\"}'),('sorl-thumbnail||image||5a9f3211b1d0b265ec24e5b9a9cf24f9','{\"size\": [300, 230], \"storage\": \"django.core.files.storage.FileSystemStorage\", \"name\": \"cache/2e/b2/2eb2046024ac7932988090db9643243c.jpg\"}'),('sorl-thumbnail||image||5b72e07dc1159fb13d9315b40b017539','{\"size\": [800, 250], \"storage\": \"django.core.files.storage.FileSystemStorage\", \"name\": \"cache/d0/26/d0265f31f82c162bb431f79a1c33de07.jpg\"}'),('sorl-thumbnail||image||5bbc2b1e5380cdb2c67169efdaa1986c','{\"size\": [300, 230], \"storage\": \"django.core.files.storage.FileSystemStorage\", \"name\": \"cache/9b/33/9b3359d03152964a3125f4044ee64db2.jpg\"}'),('sorl-thumbnail||image||5cb425827effdb75b70ef7a49eedede0','{\"storage\": \"django.core.files.storage.FileSystemStorage\", \"name\": \"cache/14/ef/14ef5f3940ebb1655ffdaba9f0424966.jpg\", \"size\": [800, 250]}'),('sorl-thumbnail||image||5ceb36c09f7974c5a46603af21101234','{\"name\": \"gallery/2015/12/06/IMG_20151206_143909123_HDR.jpg\", \"size\": [3264, 1836], \"storage\": \"django.core.files.storage.FileSystemStorage\"}'),('sorl-thumbnail||image||5e0a5de3b3ec7e5bb956ad0282b95425','{\"size\": [800, 250], \"storage\": \"django.core.files.storage.FileSystemStorage\", \"name\": \"cache/39/09/3909fc7547c97fc846f109a55614b8b4.jpg\"}'),('sorl-thumbnail||image||5e0c6d4c600fcfd6829f95bb8a270e92','{\"storage\": \"django.core.files.storage.FileSystemStorage\", \"name\": \"cache/52/4a/524a972262f14bd90d3c2f0b05bf750a.jpg\", \"size\": [300, 230]}'),('sorl-thumbnail||image||5e54cc82baa7cad0eb4cdca584c82081','{\"size\": [800, 250], \"storage\": \"django.core.files.storage.FileSystemStorage\", \"name\": \"cache/49/26/492686ed016f61a595c30701f659e4b1.jpg\"}'),('sorl-thumbnail||image||5e5aea88f6f3ded71f5f450aa9b9427f','{\"size\": [800, 250], \"storage\": \"django.core.files.storage.FileSystemStorage\", \"name\": \"cache/b6/a2/b6a2d5c6272234c3c478aabb800141a5.jpg\"}'),('sorl-thumbnail||image||5f24b8456400cd5abb2c230d6907546e','{\"storage\": \"django.core.files.storage.FileSystemStorage\", \"name\": \"gallery/2015/12/18/471407_314276455345131_812838466_o.jpg\", \"size\": [1148, 861]}'),('sorl-thumbnail||image||60528d75220972a796ec1918d6b8c1b1','{\"storage\": \"django.core.files.storage.FileSystemStorage\", \"name\": \"gallery/2016/09/20/IMG_20160920_084426.jpg\", \"size\": [3968, 2976]}'),('sorl-thumbnail||image||62b48c7465416306208bb2f9ae1171d3','{\"size\": [800, 250], \"storage\": \"django.core.files.storage.FileSystemStorage\", \"name\": \"cache/a3/e7/a3e73af3da8c06a595b59e359dc9ae17.jpg\"}'),('sorl-thumbnail||image||649222759d9bcd4a490f557db2a5b02d','{\"size\": [300, 230], \"storage\": \"django.core.files.storage.FileSystemStorage\", \"name\": \"cache/04/8e/048ecd640fa350fcff3d41370c2d9acc.jpg\"}'),('sorl-thumbnail||image||6a1608a0c5157f147892d2080ffe4551','{\"size\": [800, 250], \"name\": \"cache/88/27/8827fbd01f7edf71931afa6047de23b8.jpg\", \"storage\": \"django.core.files.storage.FileSystemStorage\"}'),('sorl-thumbnail||image||6a60d22a240b93ceda39f595429a1394','{\"size\": [700, 400], \"storage\": \"django.core.files.storage.FileSystemStorage\", \"name\": \"cache/17/7e/177e818cd63b9fbb5e7d2d56c3312366.jpg\"}'),('sorl-thumbnail||image||6b1e7ed419731fdb86fd5182b42159c2','{\"size\": [300, 230], \"storage\": \"django.core.files.storage.FileSystemStorage\", \"name\": \"cache/39/1d/391d9435cfe303fe76be9dfd13ffc22f.jpg\"}'),('sorl-thumbnail||image||6bcd8a58da44ae7320d97c55a5f55496','{\"storage\": \"django.core.files.storage.FileSystemStorage\", \"name\": \"cache/b6/6b/b66b6f0e52ff7b2e047dff8ea81e0dd0.jpg\", \"size\": [300, 230]}'),('sorl-thumbnail||image||6cc50f4a7da77ff3da7f0fe38ea8d2f5','{\"name\": \"gallery/2015/12/02/IMG_20151202_084355396.jpg\", \"size\": [3264, 1836], \"storage\": \"django.core.files.storage.FileSystemStorage\"}'),('sorl-thumbnail||image||6e9442c012a8a48a624698329b11f4bf','{\"storage\": \"django.core.files.storage.FileSystemStorage\", \"size\": [300, 230], \"name\": \"cache/b8/94/b894cf89403291ff82709e64fa6e4c1b.jpg\"}'),('sorl-thumbnail||image||6e9ba080af708bbdf687a2e34c782cc0','{\"size\": [300, 230], \"storage\": \"django.core.files.storage.FileSystemStorage\", \"name\": \"cache/58/ed/58ed6f2f62d59f1cfbe0ba8ea395da12.jpg\"}'),('sorl-thumbnail||image||6ef867fbd5074a5e8d358d85cefafee8','{\"size\": [800, 250], \"storage\": \"django.core.files.storage.FileSystemStorage\", \"name\": \"cache/91/d7/91d75db23ed91cb8f909c65e96bb380c.jpg\"}'),('sorl-thumbnail||image||6fd6a2c9e1010fc41b6c40d0c8e79058','{\"size\": [300, 230], \"storage\": \"django.core.files.storage.FileSystemStorage\", \"name\": \"cache/07/68/076869571448a7170a6f5205dab8f2e5.jpg\"}'),('sorl-thumbnail||image||70b242fb6ae1002304c5869a86a8eb95','{\"size\": [300, 230], \"storage\": \"django.core.files.storage.FileSystemStorage\", \"name\": \"cache/50/8f/508f2870c2379403059de196450298e6.jpg\"}'),('sorl-thumbnail||image||70c997a844edf32163587a203b1e8a92','{\"size\": [800, 250], \"storage\": \"django.core.files.storage.FileSystemStorage\", \"name\": \"cache/52/b1/52b1705da37deed57651d93842f8aa5c.jpg\"}'),('sorl-thumbnail||image||739500caa029798731a3bd704f2869d2','{\"name\": \"cache/b2/29/b229b6e9caba3b779633216495447bde.jpg\", \"storage\": \"django.core.files.storage.FileSystemStorage\", \"size\": [800, 250]}'),('sorl-thumbnail||image||74498f5e229f372820a197f07a3a2d19','{\"size\": [3968, 2976], \"name\": \"gallery/2016/10/02/IMG_20161002_140431.jpg\", \"storage\": \"django.core.files.storage.FileSystemStorage\"}'),('sorl-thumbnail||image||7480aabf68a96da39bf6120660e972dd','{\"size\": [3264, 1836], \"storage\": \"django.core.files.storage.FileSystemStorage\", \"name\": \"gallery/2015/12/05/IMG_20151205_103414816.jpg\"}'),('sorl-thumbnail||image||750e342504f6e4e2c09e35e9a5f8b269','{\"storage\": \"django.core.files.storage.FileSystemStorage\", \"size\": [800, 250], \"name\": \"cache/0c/3a/0c3a4711c004fff90f85eb3b65e31b18.jpg\"}'),('sorl-thumbnail||image||77ef7311fe322535281bd78ad75e5565','{\"size\": [3264, 1836], \"storage\": \"django.core.files.storage.FileSystemStorage\", \"name\": \"gallery/2016/08/07/IMG_20160807_160853366.jpg\"}'),('sorl-thumbnail||image||78c2b3c4f12e35f3d1787068bcee717b','{\"size\": [300, 230], \"name\": \"cache/d0/28/d02858e4a663c8bdbfca4390239f4c5b.jpg\", \"storage\": \"django.core.files.storage.FileSystemStorage\"}'),('sorl-thumbnail||image||792776194a231d6137a7b39563b95e96','{\"name\": \"gallery/2016/03/20/IMG_20160319_152235335_HDR.jpg\", \"storage\": \"django.core.files.storage.FileSystemStorage\", \"size\": [3264, 2448]}'),('sorl-thumbnail||image||7a8a3b986905e8a6a711c82c011d475f','{\"storage\": \"django.core.files.storage.FileSystemStorage\", \"name\": \"cache/33/98/3398a81f4225f4bb6b394b8ab9d88ce9.jpg\", \"size\": [700, 400]}'),('sorl-thumbnail||image||7b879434f9a4e7576d93a2a7ac5a2fc1','{\"size\": [3264, 1836], \"storage\": \"django.core.files.storage.FileSystemStorage\", \"name\": \"gallery/2016/08/01/IMG_20160801_130557685.jpg\"}'),('sorl-thumbnail||image||7bde6913f04f04f0c62c24a69f2d0e66','{\"storage\": \"django.core.files.storage.FileSystemStorage\", \"size\": [3264, 1836], \"name\": \"gallery/2015/12/11/IMG_20151211_085341463_HDR.jpg\"}'),('sorl-thumbnail||image||7bf93c0eaa47810a774797f4714ecea9','{\"name\": \"gallery/2016/06/08/IMG_20160608_185519990.jpg\", \"storage\": \"django.core.files.storage.FileSystemStorage\", \"size\": [3264, 1836]}'),('sorl-thumbnail||image||7ccab0490bf9570098e7d1e3952dd3f8','{\"size\": [800, 250], \"storage\": \"django.core.files.storage.FileSystemStorage\", \"name\": \"cache/d1/ec/d1ec65398b51f488624fb4e00be8b23f.jpg\"}'),('sorl-thumbnail||image||7d69a72496841453ff06cca05a55d2e1','{\"size\": [300, 230], \"name\": \"cache/8e/b0/8eb04f3173065f504caa70b7429efef8.jpg\", \"storage\": \"django.core.files.storage.FileSystemStorage\"}'),('sorl-thumbnail||image||7d75f14126e8a927ce4e3545e51f669f','{\"storage\": \"django.core.files.storage.FileSystemStorage\", \"name\": \"gallery/2016/01/02/IMG_20160101_131618962_HDR.jpg\", \"size\": [3264, 1836]}'),('sorl-thumbnail||image||7d81e1b72e289cce46ca2ae46830b263','{\"size\": [800, 250], \"name\": \"cache/22/4d/224d9c473c66e2243bb7bc9e4684fa31.jpg\", \"storage\": \"django.core.files.storage.FileSystemStorage\"}'),('sorl-thumbnail||image||7d983b91c039265cdd46bffd8868f9f6','{\"size\": [800, 250], \"name\": \"cache/71/ca/71ca227a4973103043fe4f3f79a1aea3.jpg\", \"storage\": \"django.core.files.storage.FileSystemStorage\"}'),('sorl-thumbnail||image||80bca600c04263bc4b05e5f4188059c9','{\"name\": \"cache/de/45/de45f4cdba1cd955217b27111b6393a8.jpg\", \"size\": [700, 400], \"storage\": \"django.core.files.storage.FileSystemStorage\"}'),('sorl-thumbnail||image||810afd8046b6a66f112800f235c839d1','{\"size\": [3264, 1836], \"storage\": \"django.core.files.storage.FileSystemStorage\", \"name\": \"gallery/2015/12/06/IMG_20151206_125842361_HDR.jpg\"}'),('sorl-thumbnail||image||813cb09c460a8a255e7003070da97a0a','{\"size\": [3264, 1836], \"storage\": \"django.core.files.storage.FileSystemStorage\", \"name\": \"gallery/2015/12/03/IMG_20151203_161117615_HDR.jpg\"}'),('sorl-thumbnail||image||81eca4a73cbcbb6255f4adf9820ca8ed','{\"name\": \"cache/47/58/47584b81ccb8848aed84070b56321402.jpg\", \"storage\": \"django.core.files.storage.FileSystemStorage\", \"size\": [300, 230]}'),('sorl-thumbnail||image||81f178803c1a97240171b4681753ff9d','{\"size\": [300, 230], \"name\": \"cache/73/84/7384341519165167343e4d8e78b2b76e.jpg\", \"storage\": \"django.core.files.storage.FileSystemStorage\"}'),('sorl-thumbnail||image||83ff83d12658d7034fb30e7657e2e689','{\"size\": [300, 230], \"storage\": \"django.core.files.storage.FileSystemStorage\", \"name\": \"cache/13/01/1301ca1e8d33039c9f2c939e06663d6f.jpg\"}'),('sorl-thumbnail||image||886d9df018a80d93c99e75aad5385cdc','{\"size\": [800, 250], \"storage\": \"django.core.files.storage.FileSystemStorage\", \"name\": \"cache/41/d0/41d0e375856ce29a87b60ac684be184c.jpg\"}'),('sorl-thumbnail||image||89c951074db37581291aac5a3d2a3b93','{\"size\": [3264, 1836], \"storage\": \"django.core.files.storage.FileSystemStorage\", \"name\": \"gallery/2016/07/24/IMG_20160723_141150909_HDR.jpg\"}'),('sorl-thumbnail||image||8ad0d8cecab1d27f4e02f4c4ba8ecb18','{\"size\": [800, 250], \"storage\": \"django.core.files.storage.FileSystemStorage\", \"name\": \"cache/5c/b9/5cb981a1b7b2db11e6709ac9adb1ca8b.jpg\"}'),('sorl-thumbnail||image||8be3a5414b5809b48b7965122f3caefb','{\"size\": [3264, 1836], \"storage\": \"django.core.files.storage.FileSystemStorage\", \"name\": \"gallery/2015/11/30/IMG_20151129_120559261.jpg\"}'),('sorl-thumbnail||image||8c062f5f476738aca970617d04262847','{\"storage\": \"django.core.files.storage.FileSystemStorage\", \"name\": \"gallery/2015/11/28/IMG_20150822_135204590.jpg\", \"size\": [3264, 1836]}'),('sorl-thumbnail||image||8e09afdcef1ffe8914543622d69cc8b2','{\"size\": [800, 250], \"name\": \"cache/f6/ac/f6acf113124da02c7c392079a86a32aa.jpg\", \"storage\": \"django.core.files.storage.FileSystemStorage\"}'),('sorl-thumbnail||image||8f1c6012075024e1a93a678c318bf6e5','{\"size\": [800, 250], \"storage\": \"django.core.files.storage.FileSystemStorage\", \"name\": \"cache/22/48/224841c328b888a065b1a1a29728a8c7.jpg\"}'),('sorl-thumbnail||image||9017e0d66255f58eeca19e3dcb0b50b5','{\"name\": \"cache/c4/99/c4992c8d9e21ddb0665f8dc8c033563d.jpg\", \"size\": [700, 400], \"storage\": \"django.core.files.storage.FileSystemStorage\"}'),('sorl-thumbnail||image||909df8a6184520493259e412a55f929f','{\"size\": [800, 250], \"storage\": \"django.core.files.storage.FileSystemStorage\", \"name\": \"cache/82/0c/820ce0ab2f63e84fda2984d3748afa31.jpg\"}'),('sorl-thumbnail||image||938b723bf3b8572118fbc45f22f48f47','{\"name\": \"cache/8e/f0/8ef0b1e95f0b80f1f78023ec63f40007.jpg\", \"storage\": \"django.core.files.storage.FileSystemStorage\", \"size\": [300, 230]}'),('sorl-thumbnail||image||9899abc36e07d9c2b3b57b023efd0573','{\"name\": \"gallery/2016/04/23/IMG_20160423_114049016_HDR.jpg\", \"storage\": \"django.core.files.storage.FileSystemStorage\", \"size\": [3264, 1836]}'),('sorl-thumbnail||image||98f5aa488c005d88acfaa8fe9a154d1b','{\"name\": \"cache/1d/ee/1deecdb5d754b16e45a8720131850068.jpg\", \"size\": [300, 230], \"storage\": \"django.core.files.storage.FileSystemStorage\"}'),('sorl-thumbnail||image||9967f9c2f7df984b1d1be58ec985502a','{\"storage\": \"django.core.files.storage.FileSystemStorage\", \"name\": \"gallery/2015/11/29/IMG_20151128_121252772_HDR.jpg\", \"size\": [3264, 1836]}'),('sorl-thumbnail||image||9cb97b408263011659fe8f9fde5f4f74','{\"storage\": \"django.core.files.storage.FileSystemStorage\", \"name\": \"gallery/2015/12/29/IMG_20151229_123801941.jpg\", \"size\": [3264, 1836]}'),('sorl-thumbnail||image||9d6171ffea3f3c127b18b8367043dc5c','{\"size\": [300, 230], \"storage\": \"django.core.files.storage.FileSystemStorage\", \"name\": \"cache/38/5e/385e14d076ce2b0e9422c8ddbb102f5a.jpg\"}'),('sorl-thumbnail||image||9e6d7fde4d2ce91da6d1c4e696b5cfd7','{\"size\": [3264, 1836], \"storage\": \"django.core.files.storage.FileSystemStorage\", \"name\": \"gallery/2015/12/09/IMG_20151208_182133038.jpg\"}'),('sorl-thumbnail||image||9ff9e6cdf2c7204dd1ac9f9915f5f5b4','{\"size\": [300, 230], \"storage\": \"django.core.files.storage.FileSystemStorage\", \"name\": \"cache/5a/7d/5a7d7153a7f6ff14229625e27f98a09d.jpg\"}'),('sorl-thumbnail||image||a056450c3de7ca071e3359a302ba9190','{\"storage\": \"django.core.files.storage.FileSystemStorage\", \"name\": \"cache/bb/11/bb11f90ed5dca1a11c134bfd60bc8058.jpg\", \"size\": [800, 250]}'),('sorl-thumbnail||image||a12369e85c25b7236d23ad211f78cec8','{\"size\": [3264, 1836], \"storage\": \"django.core.files.storage.FileSystemStorage\", \"name\": \"gallery/2016/07/31/IMG_20160731_153947481_HDR.jpg\"}'),('sorl-thumbnail||image||a17f93c29d6da6bc9e9d1fd8e03e0b27','{\"storage\": \"django.core.files.storage.FileSystemStorage\", \"name\": \"cache/69/9e/699e5bbf2afe3ef6a35d87391b02b3d3.jpg\", \"size\": [800, 250]}'),('sorl-thumbnail||image||a413cee9e72f88f16575bda654707713','{\"size\": [300, 230], \"name\": \"cache/ff/c4/ffc48aa043e644bc9d0b803684f056cd.jpg\", \"storage\": \"django.core.files.storage.FileSystemStorage\"}'),('sorl-thumbnail||image||a4dd5be1ca63edcd979a1b1a9e7a9665','{\"size\": [3264, 1836], \"storage\": \"django.core.files.storage.FileSystemStorage\", \"name\": \"gallery/2016/05/21/IMG_20160520_184305410_HDR.jpg\"}'),('sorl-thumbnail||image||a63a055e3b0fc799c1fb9b0b9fd6c06b','{\"size\": [800, 250], \"storage\": \"django.core.files.storage.FileSystemStorage\", \"name\": \"cache/44/6b/446bdc35026136ead0f2d68b0693a6c1.jpg\"}'),('sorl-thumbnail||image||a81057c08accd062d477c02a52826bc5','{\"name\": \"gallery/2016/02/21/IMG_20160220_154936878_HDR.jpg\", \"size\": [3264, 2448], \"storage\": \"django.core.files.storage.FileSystemStorage\"}'),('sorl-thumbnail||image||a924fa72d5a765a6392c8396634d6bb9','{\"size\": [300, 230], \"storage\": \"django.core.files.storage.FileSystemStorage\", \"name\": \"cache/e3/8c/e38c7865d97a43fe58d6d9a384fdcbb5.jpg\"}'),('sorl-thumbnail||image||abc28555d86369243b48fe060dad5907','{\"name\": \"cache/df/9e/df9e97fbb34e96c6b06dfb049fdb35a2.jpg\", \"storage\": \"django.core.files.storage.FileSystemStorage\", \"size\": [300, 230]}'),('sorl-thumbnail||image||ac98b5be2c6f9c38e9a55aeb5e40777b','{\"storage\": \"django.core.files.storage.FileSystemStorage\", \"name\": \"gallery/2016/01/02/IMG_20160102_091714791.jpg\", \"size\": [3264, 1836]}'),('sorl-thumbnail||image||ae1e22cad53c4f839dcbd496c67aa17c','{\"storage\": \"django.core.files.storage.FileSystemStorage\", \"size\": [300, 230], \"name\": \"cache/78/80/7880fb5d44bd1e5f18e7f6feab27a19e.jpg\"}'),('sorl-thumbnail||image||ae43d698241e62f538d01b8a90f39722','{\"name\": \"cache/5b/28/5b2874e7c8383be35487d5c06bdb7848.jpg\", \"size\": [300, 230], \"storage\": \"django.core.files.storage.FileSystemStorage\"}'),('sorl-thumbnail||image||ae99c93435a9f3adea6a0d0e928b946d','{\"size\": [800, 250], \"storage\": \"django.core.files.storage.FileSystemStorage\", \"name\": \"cache/44/51/44519a264a91937855f77c05851a7d56.jpg\"}'),('sorl-thumbnail||image||af644bcb1f0261225cfcccea371ae067','{\"size\": [300, 230], \"storage\": \"django.core.files.storage.FileSystemStorage\", \"name\": \"cache/c9/f3/c9f3a0e8cc5e6250f0048ff381273d6f.jpg\"}'),('sorl-thumbnail||image||b32ec3e06acd0f4bbb530998755b212d','{\"storage\": \"django.core.files.storage.FileSystemStorage\", \"name\": \"gallery/2016/03/28/IMG_20160328_150805778.jpg\", \"size\": [3264, 1836]}'),('sorl-thumbnail||image||b4ef8aea7fe759f57008a2d5941aa77d','{\"storage\": \"django.core.files.storage.FileSystemStorage\", \"name\": \"cache/d2/73/d273e8538e319449fb47fc397022c211.jpg\", \"size\": [800, 250]}'),('sorl-thumbnail||image||b59316606906fd7286601eaa2cb760dc','{\"storage\": \"django.core.files.storage.FileSystemStorage\", \"name\": \"cache/96/e8/96e82b8d3b274b9c09483d931d6d4fb6.jpg\", \"size\": [300, 230]}'),('sorl-thumbnail||image||b60e217522661a75bd8a3c6f7165ca7d','{\"storage\": \"django.core.files.storage.FileSystemStorage\", \"name\": \"cache/d4/08/d408e630183c77a543e90945b979ffad.jpg\", \"size\": [300, 230]}'),('sorl-thumbnail||image||b623adc0781ef5d373c3cb9a0e516ab4','{\"size\": [800, 250], \"storage\": \"django.core.files.storage.FileSystemStorage\", \"name\": \"cache/c6/4c/c64c5d0a6ecd80142480804031afffdf.jpg\"}'),('sorl-thumbnail||image||b7ee1c86512bc7b1a808e9bae37d48a9','{\"size\": [3968, 2976], \"name\": \"gallery/2016/10/10/IMG_20161010_142815.jpg\", \"storage\": \"django.core.files.storage.FileSystemStorage\"}'),('sorl-thumbnail||image||b7f3d24347395078f54bee0433a4d285','{\"size\": [3264, 2448], \"name\": \"gallery/2016/01/11/IMG_20160110_103730648.jpg\", \"storage\": \"django.core.files.storage.FileSystemStorage\"}'),('sorl-thumbnail||image||bc6567ae0072e7777a79f71b23ab7f34','{\"size\": [700, 400], \"storage\": \"django.core.files.storage.FileSystemStorage\", \"name\": \"cache/6e/b9/6eb9194b2f509fef91c79c95b3fad0c9.jpg\"}'),('sorl-thumbnail||image||bd4fbc0f403ba597e8f1c0925213d4cb','{\"storage\": \"django.core.files.storage.FileSystemStorage\", \"name\": \"cache/2a/70/2a7092ac45786f2a12e50dec2774b158.jpg\", \"size\": [300, 230]}'),('sorl-thumbnail||image||bd855784512229e101445bd215e14346','{\"storage\": \"django.core.files.storage.FileSystemStorage\", \"size\": [300, 230], \"name\": \"cache/49/e3/49e31d8315686d54662a7dc99584303c.jpg\"}'),('sorl-thumbnail||image||bd8a3eda5b2a7b81a4bab88dd0cc5a7c','{\"storage\": \"django.core.files.storage.FileSystemStorage\", \"name\": \"cache/d1/d7/d1d7efe1b2fce8212b78e8466a7b1961.jpg\", \"size\": [800, 250]}'),('sorl-thumbnail||image||bddd397bc94b7ae8b3d604cd0b148bbb','{\"name\": \"cache/94/98/949847b6554b3ccb738ef91bcdccf8d9.jpg\", \"storage\": \"django.core.files.storage.FileSystemStorage\", \"size\": [800, 250]}'),('sorl-thumbnail||image||be7fa3e826f8c1d503f037bfd66af382','{\"name\": \"gallery/2015/12/04/IMG_20151204_082425089.jpg\", \"size\": [3264, 1836], \"storage\": \"django.core.files.storage.FileSystemStorage\"}'),('sorl-thumbnail||image||bf269c73c141dc435ef1a16ccae19dab','{\"size\": [300, 230], \"storage\": \"django.core.files.storage.FileSystemStorage\", \"name\": \"cache/68/f5/68f5d3c3ca56eff155ae390b2525ab63.jpg\"}'),('sorl-thumbnail||image||c02c2fb090f8876ddecdc065d454b07b','{\"name\": \"gallery/2016/03/26/IMG_20160324_174616143_HDR.jpg\", \"storage\": \"django.core.files.storage.FileSystemStorage\", \"size\": [3264, 2448]}'),('sorl-thumbnail||image||c0996ad0644200872bf39e5e3533087c','{\"storage\": \"django.core.files.storage.FileSystemStorage\", \"name\": \"cache/4f/41/4f41c56d38afd90e1a946ae543c80124.jpg\", \"size\": [700, 400]}'),('sorl-thumbnail||image||c0a6ea7d335e9e43a8cdbb0972d9eecc','{\"size\": [800, 250], \"name\": \"cache/e7/9b/e79bec6527589810f17487c6dc833d13.jpg\", \"storage\": \"django.core.files.storage.FileSystemStorage\"}'),('sorl-thumbnail||image||c0f3037c989a5d2151d7363593b22c1f','{\"size\": [300, 230], \"storage\": \"django.core.files.storage.FileSystemStorage\", \"name\": \"cache/26/08/260838b81fbc2e7b01f172e15d0eb9a9.jpg\"}'),('sorl-thumbnail||image||c14ce6bbb48802e80cc139594fec2152','{\"name\": \"cache/78/d3/78d34642027345c984600e45d51c1bc3.jpg\", \"size\": [300, 230], \"storage\": \"django.core.files.storage.FileSystemStorage\"}'),('sorl-thumbnail||image||c6daeb94dc9fe81c998599ca9273fcf5','{\"storage\": \"django.core.files.storage.FileSystemStorage\", \"name\": \"cache/25/a4/25a4cd7e24993515f7ee90923b026410.jpg\", \"size\": [800, 250]}'),('sorl-thumbnail||image||c82d95c3ac1147724db27906904bb6a9','{\"size\": [800, 250], \"storage\": \"django.core.files.storage.FileSystemStorage\", \"name\": \"cache/66/58/6658b353b9099c29461757d68248f4dc.jpg\"}'),('sorl-thumbnail||image||c9a2ee2b8cd5eeb69e390029b15e1f91','{\"size\": [3264, 1836], \"storage\": \"django.core.files.storage.FileSystemStorage\", \"name\": \"gallery/2016/08/07/IMG_20160807_100833191_HDR.jpg\"}'),('sorl-thumbnail||image||cb0d4190a579dc9f65925635bd6db263','{\"size\": [3264, 1836], \"name\": \"gallery/2015/12/14/IMG_20151213_120821535.jpg\", \"storage\": \"django.core.files.storage.FileSystemStorage\"}'),('sorl-thumbnail||image||cb131cd9a60a1b10eae8bec83d7442b7','{\"storage\": \"django.core.files.storage.FileSystemStorage\", \"name\": \"gallery/2016/04/19/IMG_20160419_191302486_HDR.jpg\", \"size\": [3264, 1836]}'),('sorl-thumbnail||image||cdc4b732a2bce5ff709b2a7eec123151','{\"storage\": \"django.core.files.storage.FileSystemStorage\", \"name\": \"gallery/2016/04/22/IMG_20160421_195659163_HDR.jpg\", \"size\": [3264, 1836]}'),('sorl-thumbnail||image||cf196e94fafd557731a90ee866286799','{\"size\": [3264, 1836], \"storage\": \"django.core.files.storage.FileSystemStorage\", \"name\": \"gallery/2015/12/06/IMG_20151206_144420729.jpg\"}'),('sorl-thumbnail||image||d148e897781e7b9a5cbdd83965ace269','{\"storage\": \"django.core.files.storage.FileSystemStorage\", \"name\": \"cache/6b/67/6b67427c7b80db40be0eb050f5b53ffc.jpg\", \"size\": [300, 230]}'),('sorl-thumbnail||image||d211ce403d08c1a242e6646b9a1bd107','{\"name\": \"cache/0e/a7/0ea77befcc91ead016f4bedaab9863aa.jpg\", \"storage\": \"django.core.files.storage.FileSystemStorage\", \"size\": [800, 250]}'),('sorl-thumbnail||image||d3e5e1eb71b56009b2040bc27d89a04d','{\"storage\": \"django.core.files.storage.FileSystemStorage\", \"name\": \"gallery/2016/02/13/IMG_20160213_103100816_HDR.jpg\", \"size\": [3264, 2448]}'),('sorl-thumbnail||image||d4990b3640b3159f7c8a4cb0af2becd6','{\"size\": [3264, 1836], \"storage\": \"django.core.files.storage.FileSystemStorage\", \"name\": \"gallery/2016/07/25/IMG_20160724_153034126.jpg\"}'),('sorl-thumbnail||image||d50a65c071b0f5deabb713eb544e1b89','{\"name\": \"cache/40/bd/40bdc9648f1001223d464ef8eab717bd.jpg\", \"size\": [800, 250], \"storage\": \"django.core.files.storage.FileSystemStorage\"}'),('sorl-thumbnail||image||d5bf5534a034f516dfa22f3becdc094b','{\"name\": \"gallery/2016/03/14/IMG_20160314_113914249.jpg\", \"storage\": \"django.core.files.storage.FileSystemStorage\", \"size\": [3264, 2448]}'),('sorl-thumbnail||image||d778f8f991ae0a5b3bede1abcff8bab3','{\"size\": [3264, 1836], \"storage\": \"django.core.files.storage.FileSystemStorage\", \"name\": \"gallery/2016/07/31/IMG_20160730_140736047.jpg\"}'),('sorl-thumbnail||image||d81a450010e0000e9eb159da1e113dbb','{\"storage\": \"django.core.files.storage.FileSystemStorage\", \"size\": [3264, 1836], \"name\": \"gallery/2015/12/12/IMG_20151101_073939907.jpg\"}'),('sorl-thumbnail||image||da1ce7d92da9d9317f754247d18478f6','{\"size\": [800, 250], \"storage\": \"django.core.files.storage.FileSystemStorage\", \"name\": \"cache/4a/13/4a137548545fca9f417108fecf0bc9eb.jpg\"}'),('sorl-thumbnail||image||db23b3de164a73384e8ee4454559edbd','{\"size\": [300, 230], \"storage\": \"django.core.files.storage.FileSystemStorage\", \"name\": \"cache/ea/9d/ea9d66e1a8b8878a6d1e54f3139c8c2d.jpg\"}'),('sorl-thumbnail||image||dbad5850073e3eba2a168a1b6aafa0f8','{\"size\": [3264, 1836], \"storage\": \"django.core.files.storage.FileSystemStorage\", \"name\": \"gallery/2016/08/08/IMG_20160806_150710042_HDR.jpg\"}'),('sorl-thumbnail||image||dbdc9a04b693f15002a54a7ee34036ad','{\"size\": [800, 250], \"storage\": \"django.core.files.storage.FileSystemStorage\", \"name\": \"cache/f6/fc/f6fcf4acd1d76376cb609c265373b847.jpg\"}'),('sorl-thumbnail||image||dc045434b237607647de53bb9f76361a','{\"storage\": \"django.core.files.storage.FileSystemStorage\", \"name\": \"gallery/2016/01/24/mmexport1453602337573.jpg\", \"size\": [1280, 960]}'),('sorl-thumbnail||image||dd2a0fb7c18b5ddbad72553f89bea945','{\"storage\": \"django.core.files.storage.FileSystemStorage\", \"name\": \"cache/c7/95/c795908b01fce9233078aa9c9eb9975f.jpg\", \"size\": [300, 230]}'),('sorl-thumbnail||image||dde1f823f65498327749e1d2f2c89173','{\"size\": [800, 250], \"storage\": \"django.core.files.storage.FileSystemStorage\", \"name\": \"cache/44/3b/443b7de6ff79ad5d9ca575c119a835bd.jpg\"}'),('sorl-thumbnail||image||ddf185641643e741d093741bb0562889','{\"storage\": \"django.core.files.storage.FileSystemStorage\", \"size\": [3264, 1836], \"name\": \"gallery/2016/05/02/IMG_20160501_192420904.jpg\"}'),('sorl-thumbnail||image||de4f155e2a7ef9720fe48596269fcc9e','{\"storage\": \"django.core.files.storage.FileSystemStorage\", \"size\": [960, 1280], \"name\": \"gallery/2016/01/20/380036484493628989.jpg\"}'),('sorl-thumbnail||image||deb9ab27e7913607661393d775a1db8c','{\"storage\": \"django.core.files.storage.FileSystemStorage\", \"size\": [3264, 1836], \"name\": \"gallery/2016/04/30/IMG_20160430_152228483.jpg\"}'),('sorl-thumbnail||image||e0a310cb9cee0acf09ef5c6e943b896f','{\"size\": [800, 250], \"name\": \"cache/23/4e/234ed5f6433f01411ce1d3f73233a158.jpg\", \"storage\": \"django.core.files.storage.FileSystemStorage\"}'),('sorl-thumbnail||image||e21a9ac5718d6d0fb7adfb2954e55ad2','{\"name\": \"cache/72/41/724128dc401231451f249d70b0eca455.jpg\", \"size\": [700, 400], \"storage\": \"django.core.files.storage.FileSystemStorage\"}'),('sorl-thumbnail||image||e30e224a16218989f42b401be37a5339','{\"name\": \"cache/6d/4d/6d4d7663eb284eb7eb7466debfaee119.jpg\", \"size\": [300, 230], \"storage\": \"django.core.files.storage.FileSystemStorage\"}'),('sorl-thumbnail||image||e42537aeeba0b6283feef9ad97711cc2','{\"name\": \"cache/81/08/81085ec2f64715af01061f6ffabb9911.jpg\", \"storage\": \"django.core.files.storage.FileSystemStorage\", \"size\": [800, 250]}'),('sorl-thumbnail||image||e60c3e083bf912196184c4b7a6b8061e','{\"name\": \"cache/ec/c2/ecc2b31aa381ab0d2e4a08033afe9bb8.jpg\", \"storage\": \"django.core.files.storage.FileSystemStorage\", \"size\": [300, 230]}'),('sorl-thumbnail||image||e67ead09f8371bacb6618dba20c7b748','{\"storage\": \"django.core.files.storage.FileSystemStorage\", \"name\": \"cache/a3/e9/a3e9e73aaca506912bfb05ef7b60f5ae.jpg\", \"size\": [800, 250]}'),('sorl-thumbnail||image||ea04356afb0bed4abb83e84d77cc88d8','{\"storage\": \"django.core.files.storage.FileSystemStorage\", \"name\": \"cache/00/44/00440ca271d95d236226db04b942069a.jpg\", \"size\": [300, 230]}'),('sorl-thumbnail||image||eb273e03d28ede0261da871a32653253','{\"storage\": \"django.core.files.storage.FileSystemStorage\", \"name\": \"cache/44/ab/44abc7a8a895213347dfdbc4ed9a7900.jpg\", \"size\": [300, 230]}'),('sorl-thumbnail||image||ed273805118c48aea7c4783b9a6d5b91','{\"storage\": \"django.core.files.storage.FileSystemStorage\", \"name\": \"cache/3f/dc/3fdcdad76cf110015e88475b1062de69.jpg\", \"size\": [300, 230]}'),('sorl-thumbnail||image||f5efd2b3a9682ff13c7e7bf45cd2df4f','{\"name\": \"gallery/2016/04/24/IMG_20160424_165046766.jpg\", \"storage\": \"django.core.files.storage.FileSystemStorage\", \"size\": [3264, 1836]}'),('sorl-thumbnail||image||f6acb31b09e19b42da24c9551e848609','{\"size\": [700, 400], \"storage\": \"django.core.files.storage.FileSystemStorage\", \"name\": \"cache/63/ec/63ec7a93ea31b84637d6d7b3f57be518.jpg\"}'),('sorl-thumbnail||image||f6fcc2b10c7fc62ec9e1b4e327cd90e2','{\"name\": \"cache/f8/50/f8506a93e2cd755fd1841537c570ab4e.jpg\", \"storage\": \"django.core.files.storage.FileSystemStorage\", \"size\": [300, 230]}'),('sorl-thumbnail||image||f81b0060c951712f9712ab0bacb8d0d8','{\"storage\": \"django.core.files.storage.FileSystemStorage\", \"name\": \"gallery/2015/12/23/IMG_20151223_095005803.jpg\", \"size\": [3264, 1836]}'),('sorl-thumbnail||image||f935467165189c649417bde85a0dd024','{\"size\": [800, 250], \"storage\": \"django.core.files.storage.FileSystemStorage\", \"name\": \"cache/6f/39/6f39c347714784e7bc5dfda0579c38cf.jpg\"}'),('sorl-thumbnail||image||fcf7e3c64b8fecdbae7583d38c8e7d75','{\"storage\": \"django.core.files.storage.FileSystemStorage\", \"name\": \"gallery/2016/01/24/IMG_20160124_114826472.jpg\", \"size\": [3264, 2448]}'),('sorl-thumbnail||image||fdaf0292316cedc617a980c43be4be9b','{\"size\": [3264, 1836], \"storage\": \"django.core.files.storage.FileSystemStorage\", \"name\": \"gallery/2016/07/31/IMG_20160731_134814939.jpg\"}'),('sorl-thumbnail||image||fe5b1e7a3324ccc64d883e55fa9c645a','{\"storage\": \"django.core.files.storage.FileSystemStorage\", \"name\": \"gallery/2015/12/31/34970444526624927.jpg\", \"size\": [720, 1280]}'),('sorl-thumbnail||image||ff38946037589d1361b9563b6d5a2d7e','{\"size\": [3264, 1836], \"storage\": \"django.core.files.storage.FileSystemStorage\", \"name\": \"gallery/2016/08/08/IMG_20160806_102932808.jpg\"}'),('sorl-thumbnail||thumbnails||06b9d3abe14442ca6ae9049b98fd80de','[\"abc28555d86369243b48fe060dad5907\"]'),('sorl-thumbnail||thumbnails||0b45fea91f5cadcbd367ba3c014e3f06','[\"20bba8844f52da846c2c8a970f907fdb\"]'),('sorl-thumbnail||thumbnails||0c256ff560d40c00570ba118e1b4b079','[\"bf269c73c141dc435ef1a16ccae19dab\"]'),('sorl-thumbnail||thumbnails||15ae5437d3e5aac3a28db9489d13761c','[\"59d2a59bac3adccad4d3b705f69ddf53\"]'),('sorl-thumbnail||thumbnails||173db30fce6f85cb92f2695c71f08200','[\"938b723bf3b8572118fbc45f22f48f47\"]'),('sorl-thumbnail||thumbnails||2048e36e982b9d3ac683062e7cb7f5f6','[\"bc6567ae0072e7777a79f71b23ab7f34\"]'),('sorl-thumbnail||thumbnails||231c70d397df0ebd8685f3ec8d70e335','[\"20cb75033ea471da2ff0785bab4229c5\"]'),('sorl-thumbnail||thumbnails||2ab069896a51edbe9bcdb5702237e040','[\"af644bcb1f0261225cfcccea371ae067\"]'),('sorl-thumbnail||thumbnails||2d12dde838a8f6835128374a88b4d691','[\"47dbb20f4f193d91ee30cf42a5458b94\"]'),('sorl-thumbnail||thumbnails||305d9cc31ca555267b0c79f56cf959f8','[\"70b242fb6ae1002304c5869a86a8eb95\"]'),('sorl-thumbnail||thumbnails||328b880e2aebcb47433a9f3b8c81dd53','[\"9d6171ffea3f3c127b18b8367043dc5c\"]'),('sorl-thumbnail||thumbnails||3bf265b5b5dae1e51ab293b908f58362','[\"00d0d38ea0e676c23ea7c006ab8b2e98\"]'),('sorl-thumbnail||thumbnails||4d1c3f8ca28394ab771f3d752add8ebd','[\"9ff9e6cdf2c7204dd1ac9f9915f5f5b4\"]'),('sorl-thumbnail||thumbnails||508763f813e18797f4e614751640814b','[\"1944c4d81949e8b46b2ef63c9699b830\"]'),('sorl-thumbnail||thumbnails||5480d08330d9baa85f55e315328beca6','[\"db23b3de164a73384e8ee4454559edbd\"]'),('sorl-thumbnail||thumbnails||567eb755335d1781a0921d7d1d097647','[\"98f5aa488c005d88acfaa8fe9a154d1b\"]'),('sorl-thumbnail||thumbnails||58f28d05b29806f9a62278191ffaacca','[\"ae43d698241e62f538d01b8a90f39722\"]'),('sorl-thumbnail||thumbnails||5ceb36c09f7974c5a46603af21101234','[\"2a3811d5438a2158047d3f39ecbe76e7\"]'),('sorl-thumbnail||thumbnails||5f24b8456400cd5abb2c230d6907546e','[\"ea04356afb0bed4abb83e84d77cc88d8\"]'),('sorl-thumbnail||thumbnails||60528d75220972a796ec1918d6b8c1b1','[\"3ba04c552c330536de5d9ed08f8e2830\"]'),('sorl-thumbnail||thumbnails||6cc50f4a7da77ff3da7f0fe38ea8d2f5','[\"57d0f0cd81a97851b0607880407751d4\"]'),('sorl-thumbnail||thumbnails||74498f5e229f372820a197f07a3a2d19','[\"a413cee9e72f88f16575bda654707713\"]'),('sorl-thumbnail||thumbnails||7480aabf68a96da39bf6120660e972dd','[\"6fd6a2c9e1010fc41b6c40d0c8e79058\"]'),('sorl-thumbnail||thumbnails||77ef7311fe322535281bd78ad75e5565','[\"0228075c46f6099888312d3a59c62fec\"]'),('sorl-thumbnail||thumbnails||792776194a231d6137a7b39563b95e96','[\"f6fcc2b10c7fc62ec9e1b4e327cd90e2\"]'),('sorl-thumbnail||thumbnails||7b879434f9a4e7576d93a2a7ac5a2fc1','[\"18ca6f0cb8761c80f3864373c6e2b520\"]'),('sorl-thumbnail||thumbnails||7bde6913f04f04f0c62c24a69f2d0e66','[\"6e9442c012a8a48a624698329b11f4bf\"]'),('sorl-thumbnail||thumbnails||7bf93c0eaa47810a774797f4714ecea9','[\"81eca4a73cbcbb6255f4adf9820ca8ed\"]'),('sorl-thumbnail||thumbnails||7d75f14126e8a927ce4e3545e51f669f','[\"5743adb99f6fdb44c9c2f86932701cd4\"]'),('sorl-thumbnail||thumbnails||810afd8046b6a66f112800f235c839d1','[\"6e9ba080af708bbdf687a2e34c782cc0\"]'),('sorl-thumbnail||thumbnails||813cb09c460a8a255e7003070da97a0a','[\"187ca4a8d16c02705df80cdee474d8cd\"]'),('sorl-thumbnail||thumbnails||89c951074db37581291aac5a3d2a3b93','[\"3d379862407f48af9f581caa31736e08\"]'),('sorl-thumbnail||thumbnails||8be3a5414b5809b48b7965122f3caefb','[\"83ff83d12658d7034fb30e7657e2e689\"]'),('sorl-thumbnail||thumbnails||8c062f5f476738aca970617d04262847','[\"dd2a0fb7c18b5ddbad72553f89bea945\"]'),('sorl-thumbnail||thumbnails||9899abc36e07d9c2b3b57b023efd0573','[\"e60c3e083bf912196184c4b7a6b8061e\"]'),('sorl-thumbnail||thumbnails||9967f9c2f7df984b1d1be58ec985502a','[\"ed273805118c48aea7c4783b9a6d5b91\"]'),('sorl-thumbnail||thumbnails||9cb97b408263011659fe8f9fde5f4f74','[\"b59316606906fd7286601eaa2cb760dc\"]'),('sorl-thumbnail||thumbnails||9e6d7fde4d2ce91da6d1c4e696b5cfd7','[\"c0f3037c989a5d2151d7363593b22c1f\"]'),('sorl-thumbnail||thumbnails||a12369e85c25b7236d23ad211f78cec8','[\"5a9f3211b1d0b265ec24e5b9a9cf24f9\"]'),('sorl-thumbnail||thumbnails||a4dd5be1ca63edcd979a1b1a9e7a9665','[\"6b1e7ed419731fdb86fd5182b42159c2\"]'),('sorl-thumbnail||thumbnails||a81057c08accd062d477c02a52826bc5','[\"e30e224a16218989f42b401be37a5339\"]'),('sorl-thumbnail||thumbnails||ac98b5be2c6f9c38e9a55aeb5e40777b','[\"d148e897781e7b9a5cbdd83965ace269\"]'),('sorl-thumbnail||thumbnails||b32ec3e06acd0f4bbb530998755b212d','[\"eb273e03d28ede0261da871a32653253\"]'),('sorl-thumbnail||thumbnails||b7ee1c86512bc7b1a808e9bae37d48a9','[\"81f178803c1a97240171b4681753ff9d\"]'),('sorl-thumbnail||thumbnails||b7f3d24347395078f54bee0433a4d285','[\"4accf07502c231a1e8f997ed06a598f3\"]'),('sorl-thumbnail||thumbnails||be7fa3e826f8c1d503f037bfd66af382','[\"c14ce6bbb48802e80cc139594fec2152\"]'),('sorl-thumbnail||thumbnails||c02c2fb090f8876ddecdc065d454b07b','[\"56a64f7791ae148689942681f010db40\"]'),('sorl-thumbnail||thumbnails||c9a2ee2b8cd5eeb69e390029b15e1f91','[\"2f0a74517de88d1ba753cea493043382\"]'),('sorl-thumbnail||thumbnails||cb0d4190a579dc9f65925635bd6db263','[\"1ba6fee0ebeace8e7c414932616d1244\"]'),('sorl-thumbnail||thumbnails||cb131cd9a60a1b10eae8bec83d7442b7','[\"0bc71221a8901aee2f12b966b5fac66e\"]'),('sorl-thumbnail||thumbnails||cdc4b732a2bce5ff709b2a7eec123151','[\"20cdc81593294af6c064b28680ec4453\"]'),('sorl-thumbnail||thumbnails||cf196e94fafd557731a90ee866286799','[\"5bbc2b1e5380cdb2c67169efdaa1986c\"]'),('sorl-thumbnail||thumbnails||d3e5e1eb71b56009b2040bc27d89a04d','[\"6bcd8a58da44ae7320d97c55a5f55496\"]'),('sorl-thumbnail||thumbnails||d4990b3640b3159f7c8a4cb0af2becd6','[\"a924fa72d5a765a6392c8396634d6bb9\"]'),('sorl-thumbnail||thumbnails||d5bf5534a034f516dfa22f3becdc094b','[\"0c9d617238e49ac38d129c3467d0b5f0\"]'),('sorl-thumbnail||thumbnails||d778f8f991ae0a5b3bede1abcff8bab3','[\"23e211dd7855817fd6fbfac846c66367\"]'),('sorl-thumbnail||thumbnails||d81a450010e0000e9eb159da1e113dbb','[\"3c806815578ede99ce39be2f92fe338d\"]'),('sorl-thumbnail||thumbnails||dbad5850073e3eba2a168a1b6aafa0f8','[\"649222759d9bcd4a490f557db2a5b02d\"]'),('sorl-thumbnail||thumbnails||dc045434b237607647de53bb9f76361a','[\"b60e217522661a75bd8a3c6f7165ca7d\"]'),('sorl-thumbnail||thumbnails||ddf185641643e741d093741bb0562889','[\"45b6588c62e3f5f0d5bf0848f9225dc9\"]'),('sorl-thumbnail||thumbnails||de4f155e2a7ef9720fe48596269fcc9e','[\"ae1e22cad53c4f839dcbd496c67aa17c\"]'),('sorl-thumbnail||thumbnails||deb9ab27e7913607661393d775a1db8c','[\"bd855784512229e101445bd215e14346\"]'),('sorl-thumbnail||thumbnails||f5efd2b3a9682ff13c7e7bf45cd2df4f','[\"44062825160d77c413281bba536aa37e\"]'),('sorl-thumbnail||thumbnails||f81b0060c951712f9712ab0bacb8d0d8','[\"33924816ff6c548c524322c9aed45a09\"]'),('sorl-thumbnail||thumbnails||fcf7e3c64b8fecdbae7583d38c8e7d75','[\"bd4fbc0f403ba597e8f1c0925213d4cb\"]'),('sorl-thumbnail||thumbnails||fdaf0292316cedc617a980c43be4be9b','[\"28260b3e270d7ade6d5dbe97b897941e\"]'),('sorl-thumbnail||thumbnails||fe5b1e7a3324ccc64d883e55fa9c645a','[\"5e0c6d4c600fcfd6829f95bb8a270e92\"]'),('sorl-thumbnail||thumbnails||ff38946037589d1361b9563b6d5a2d7e','[\"407daaaf4e126b5922f75ff8f0351bcb\"]');
/*!40000 ALTER TABLE `thumbnail_kvstore` ENABLE KEYS */;
UNLOCK TABLES;

--
-- Table structure for table `userprofile_userprofile`
--

DROP TABLE IF EXISTS `userprofile_userprofile`;
/*!40101 SET @saved_cs_client     = @@character_set_client */;
/*!40101 SET character_set_client = utf8 */;
CREATE TABLE `userprofile_userprofile` (
  `id` int(11) NOT NULL AUTO_INCREMENT,
  `user_id` int(11) NOT NULL,
  PRIMARY KEY (`id`),
  UNIQUE KEY `user_id` (`user_id`),
  CONSTRAINT `userprofile_userprofile_user_id_343664a976f14ed_fk_auth_user_id` FOREIGN KEY (`user_id`) REFERENCES `auth_user` (`id`)
) ENGINE=InnoDB DEFAULT CHARSET=utf8;
/*!40101 SET character_set_client = @saved_cs_client */;

--
-- Dumping data for table `userprofile_userprofile`
--

LOCK TABLES `userprofile_userprofile` WRITE;
/*!40000 ALTER TABLE `userprofile_userprofile` DISABLE KEYS */;
/*!40000 ALTER TABLE `userprofile_userprofile` ENABLE KEYS */;
UNLOCK TABLES;
/*!40103 SET TIME_ZONE=@OLD_TIME_ZONE */;

/*!40101 SET SQL_MODE=@OLD_SQL_MODE */;
/*!40014 SET FOREIGN_KEY_CHECKS=@OLD_FOREIGN_KEY_CHECKS */;
/*!40014 SET UNIQUE_CHECKS=@OLD_UNIQUE_CHECKS */;
/*!40101 SET CHARACTER_SET_CLIENT=@OLD_CHARACTER_SET_CLIENT */;
/*!40101 SET CHARACTER_SET_RESULTS=@OLD_CHARACTER_SET_RESULTS */;
/*!40101 SET COLLATION_CONNECTION=@OLD_COLLATION_CONNECTION */;
/*!40111 SET SQL_NOTES=@OLD_SQL_NOTES */;

-- Dump completed on 2016-10-31  3:48:02
